Year,Crop,Harvested_Area_ha,Production_kg,Yield_kg_per_ha,Weighted_Mean_NDVI,Rainfall_mm,Weighted_Mean_Temperature_C
2000,Maize,1500000.0,2160000000.0,1440.0,0.518890533,991.2543231,31.86873417
2000,Rice,13882.0,52349000.0,3771.0,0.552471219,850.9242209,30.68419388
2000,Sugarcane,57243.0,3941524000.0,68856.0,0.597614922,1355.680401,30.7438327
2000,Tea,120390.0,1027000000.0,8530.6,0.602309573,1111.508038,28.53867526
2000,Wheat,131834.0,204232000.0,1549.2,0.518452763,835.072341,28.96923899
2001,Maize,1640000.0,2790000000.0,1701.2,0.567526469,1241.764138,30.31652434
2001,Rice,13200.0,45000000.0,3409.1,0.59073612,1242.024533,28.88378464
2001,Sugarcane,47794.0,3550792000.0,74293.7,0.631959154,1643.924375,29.97012916
2001,Tea,124290.0,1281000000.0,10306.5,0.64724717,1448.844004,26.93851408
2001,Wheat,129209.0,256997000.0,1989.0,0.604927766,1170.410494,26.06682207
2002,Maize,1592315.0,2408596000.0,1512.6,0.56721981,1267.337974,29.99785435
2002,Rice,13000.0,45000000.0,3461.5,0.620786577,1334.085093,27.88973768
2002,Sugarcane,54010.0,4501363000.0,83343.1,0.622600182,1689.936556,30.01193737
2002,Tea,131450.0,1248000000.0,9494.1,0.644554263,1428.124807,26.89438318
2002,Wheat,144794.0,307215000.0,2121.7,0.590606517,1232.797767,26.40007479
2003,Maize,1670914.0,2710848000.0,1622.4,0.573118448,1135.643418,30.49153908
2003,Rice,10781.0,40502000.0,3756.8,0.634160789,1261.043658,28.5307713
2003,Sugarcane,50468.0,4204055000.0,83301.4,0.62725325,1539.765461,30.41756076
2003,Tea,131450.0,1277000000.0,9714.7,0.660529329,1354.514082,27.1503367
2003,Wheat,151135.0,378665000.0,2505.5,0.610583693,1194.852688,26.26071631
2004,Maize,1351327.0,2607139000.0,1929.3,0.559779995,1095.686872,30.38873111
2004,Rice,13223.0,49295000.0,3728.0,0.630363198,1016.65119,28.69353545
2004,Sugarcane,54191.0,4660995000.0,86010.5,0.614648681,1420.86022,30.22327087
2004,Tea,136700.0,1411000000.0,10321.9,0.654071778,1300.119107,26.95744761
2004,Wheat,152826.0,379425000.0,2482.7,0.596894069,1086.624783,26.37150089
2005,Maize,1771123.0,2905559000.0,1640.5,0.542770358,971.5124196,31.12398949
2005,Rice,15940.0,62677000.0,3932.1,0.589494548,971.7200175,29.18834449
2005,Sugarcane,56537.0,4800820000.0,84914.7,0.609464879,1326.933695,30.65181708
2005,Tea,141300.0,1428000000.0,10106.2,0.643424597,1181.37699,27.48471207
2005,Wheat,159477.0,368879000.0,2313.1,0.581245003,977.1279583,27.13609563
2006,Maize,1888185.0,3247200000.0,1719.7,0.551765608,1504.625213,30.31632014
2006,Rice,23106.0,64840000.0,2806.2,0.612305039,1509.310821,28.04559973
2006,Sugarcane,54621.0,4932839000.0,90310.3,0.617422681,1932.4154,29.97366314
2006,Tea,147080.0,1350000000.0,9178.7,0.640882044,1601.215479,26.78906434
2006,Wheat,150488.0,329193000.0,2187.5,0.568301693,1310.410837,26.6854381
2007,Maize,1615304.0,2928793000.0,1813.2,0.595034601,1188.315837,29.40504065
2007,Rice,16457.0,47256000.0,2871.5,0.649387804,1216.536233,27.51197842
2007,Sugarcane,59201.0,5204214000.0,87907.5,0.647896663,1616.163569,29.41717685
2007,Tea,149190.0,1607000000.0,10771.5,0.677505076,1378.592405,26.09296606
2007,Wheat,104176.0,322320000.0,3094.0,0.621013993,1179.612653,25.07024624
2008,Maize,1700000.0,2367237000.0,1392.5,0.551125234,1094.564553,30.68164562
2008,Rice,16734.0,21881000.0,1307.6,0.622019938,1047.066387,28.3231842
2008,Sugarcane,54465.0,5112000000.0,93858.4,0.61157137,1555.538311,30.14210176
2008,Tea,157700.0,1503000000.0,9530.8,0.64391697,1232.3931,27.07984922
2008,Wheat,130273.0,336688000.0,2584.5,0.577341136,939.1393557,26.88296382
2009,Maize,1884368.0,2439000000.0,1294.3,0.509211825,1027.837821,32.05638645
2009,Rice,21829.0,42202000.0,1933.3,0.566518446,996.8403074,29.58530381
2009,Sugarcane,65774.0,5610702000.0,85302.7,0.59116439,1457.841353,30.73039251
2009,Tea,158294.0,1366000000.0,8629.5,0.61622904,1156.992009,28.17106468
2009,Wheat,131594.0,219301000.0,1666.5,0.517582247,938.6929111,29.41711133
2010,Maize,2008346.0,3464541000.0,1725.1,0.586128778,1308.069935,29.51946562
2010,Rice,20181.0,85536000.0,4238.4,0.627759229,1263.732568,27.67377344
2010,Sugarcane,68738.0,5709586000.0,83063.0,0.639472578,1785.007152,29.52399424
2010,Tea,171916.0,1735000000.0,10092.1,0.679320061,1546.911564,25.8140008
2010,Wheat,160043.0,511994000.0,3199.1,0.629050668,1286.884672,25.09720179
2011,Maize,2131887.0,3376862000.0,1584.0,0.55335174,1275.975019,30.77213255
2011,Rice,28034.0,111229000.0,3967.6,0.604094427,1236.640057,28.51955546
2011,Sugarcane,79000.0,5307341000.0,67181.5,0.622975611,1764.021815,30.19854217
2011,Tea,187855.0,1643000000.0,8746.1,0.653747203,1515.158279,26.98681834
2011,Wheat,131509.0,268482000.0,2041.5,0.58831315,1278.963495,26.75829389
2012,Maize,2159322.0,3749880000.0,1736.6,0.555317556,1410.844485,30.58859676
2012,Rice,29630.0,138204000.0,4664.3,0.609445961,1469.692309,28.31700611
2012,Sugarcane,87340.0,5823964000.0,66681.5,0.611424924,1921.586885,30.23917327
2012,Tea,190600.0,1606000000.0,8426.0,0.657528063,1672.073248,26.69241453
2012,Wheat,148703.0,441944000.0,2972.0,0.601403342,1356.284615,26.03793705
2013,Maize,2123138.0,3592688000.0,1692.2,0.57343918,1293.836332,29.73359054
2013,Rice,31349.0,125256000.0,3995.5,0.623885069,1300.902285,27.82525745
2013,Sugarcane,85857.0,6673725000.0,77730.7,0.633669057,1714.788135,29.48325492
2013,Tea,198600.0,1880000000.0,9466.3,0.671639176,1528.132771,25.90645413
2013,Wheat,162900.0,449641000.0,2760.2,0.611681308,1314.489986,25.37790234
2014,Maize,2116141.0,3513171000.0,1660.2,0.563890087,1173.131394,30.31719605
2014,Rice,28390.0,112263000.0,3954.3,0.637755785,1217.67074,27.91707068
2014,Sugarcane,72180.0,6409929000.0,88804.8,0.628649823,1703.688035,29.71681802
2014,Tea,203006.0,1935000000.0,9531.7,0.66315847,1327.537141,26.52555157
2014,Wheat,147210.0,228900000.0,1554.9,0.592817258,1051.222154,26.54051644
2015,Maize,2098240.0,3825000000.0,1823.0,0.547095867,1307.267772,31.035313
2015,Rice,29438.0,116473000.0,3956.6,0.617367937,1411.288082,28.50277526
2015,Sugarcane,77830.0,7164790000.0,92056.9,0.609165159,1723.443822,30.34795544
2015,Tea,209400.0,1735000000.0,8285.6,0.643423698,1404.762198,27.3888159
2015,Wheat,120256.0,238600000.0,1984.1,0.577211757,1146.340928,27.42170944
2016,Maize,2337586.0,3339000000.0,1428.4,0.554967627,1080.484749,30.71845272
2016,Rice,29337.0,101510000.0,3460.1,0.618086759,1139.670468,28.60082145
2016,Sugarcane,86876.0,7094619000.0,81663.7,0.60819604,1396.060929,30.67301153
2016,Tea,218500.0,2057000000.0,9414.2,0.661078283,1279.026919,26.84706946
2016,Wheat,153119.0,214700000.0,1402.2,0.605120849,1122.182469,26.28366593
2017,Maize,2086178.0,3186000000.0,1527.2,0.538899834,1181.338587,31.56166702
2017,Rice,30392.0,81198000.0,2671.7,0.596458671,1121.708725,29.06960255
2017,Sugarcane,67708.0,4751605240.0,70177.9,0.607942055,1691.439741,30.73774794
2017,Tea,232700.0,1912000000.0,8216.6,0.641026419,1361.739718,27.93207105
2017,Wheat,131309.0,165200000.0,1258.1,0.567813278,1097.494797,28.20524445
2018,Maize,2273283.0,4013777440.0,1765.6,0.57188249,1545.832646,29.83907372
2018,Rice,25966.0,112605000.0,4336.7,0.632236917,1807.052345,27.69683056
2018,Sugarcane,73080.0,5262157000.0,72005.4,0.61989677,1820.900301,29.78529791
2018,Tea,236200.0,2143000000.0,9072.8,0.656276171,1795.75382,26.44815922
2018,Wheat,133147.0,336600000.0,2528.0,0.591557384,1649.012422,26.20714749
2019,Maize,2296174.0,3582000000.0,1560.0,0.567419929,1533.704398,30.62630952
2019,Rice,24992.0,160585000.0,6425.5,0.657282623,1683.410648,27.91144625
2019,Sugarcane,71935.0,4606100000.0,64031.4,0.632388099,1955.199204,30.14595756
2019,Tea,269400.0,1995000000.0,7405.3,0.656786266,1675.337653,27.09940568
2019,Wheat,139307.0,366200000.0,2628.7,0.581890847,1410.413999,27.25193624
2020,Maize,2135741.0,3789000000.0,1774.1,0.629246034,1784.490176,28.71288874
2020,Rice,28276.0,180890000.0,6397.3,0.693933832,1894.791173,26.87261476
2020,Sugarcane,89800.0,6810898000.0,75845.2,0.673521698,2437.466374,28.53441421
2020,Tea,269400.0,3050000000.0,11321.5,0.708106172,2046.73937,25.41318376
2020,Wheat,132231.0,404700000.0,3060.6,0.654116721,1713.875863,24.85219709
2021,Maize,2168603.0,3304430000.0,1523.8,0.562303668,1215.043505,30.21392897
2021,Rice,32028.0,186000000.0,5807.4,0.633485853,1237.19276,27.91516046
2021,Sugarcane,93288.0,7659100000.0,82101.7,0.633090673,1693.499796,29.35414802
2021,Tea,219000.0,2430900000.0,11100.0,0.665789222,1449.835835,26.31412271
2021,Wheat,124880.0,349102000.0,2795.5,0.597005482,1147.633668,26.42259289
2022,Maize,2113520.0,3082220000.0,1458.3,0.54543106,1296.70973,29.81076759
2022,Rice,44255.0,192299000.0,4345.2,0.600400203,1214.55086,27.84209867
2022,Sugarcane,117960.0,8799800000.0,74599.9,0.619668102,1921.271067,28.85994801
2022,Tea,225800.0,2418200000.0,10709.5,0.645269814,1579.276609,26.28263821
2022,Wheat,119554.0,368696000.0,3083.9,0.569183419,1242.202696,26.54408777
2023,Maize,2430014.0,4285206000.0,1763.4,0.574163014,1422.388697,29.2672808
2023,Rice,38942.0,229064000.0,5882.2,0.632499793,1483.2578,27.31410766
2023,Sugarcane,80700.0,5556100000.0,68848.8,0.646030748,1893.261448,28.68770426
2023,Tea,227800.0,2577800000.0,11316.1,0.673506672,1575.370266,25.72988452
2023,Wheat,104440.0,309492000.0,2963.3,0.590693157,1235.574415,26.03620062
