County,Crop,Year,Area_ha,Production_tons,Yield_t_ha,NDVI,Rainfall_mm,Temperature_C,Elevation_m,Slope_Degrees,Soil_Moisture,Evapotranspiration_mm
Baringo,Beans,2019,21020,19977,0.95038059,0.521844607,1194.124695,32.23390657,1396.422952,9.067460354,0.189043441,707.8705582
Bomet,Beans,2019,32273,42592,1.31974096,0.690929089,1701.396283,28.15866095,1905.329942,5.558003884,0.38903972,1123.709827
Bungoma,Beans,2019,78930,56775,0.719308248,0.632323364,2009.668895,30.11177144,1553.924765,4.234981364,0.368932604,938.2848185
Busia,Beans,2019,21083,21412,1.01560499,0.634227956,2262.51008,30.63398572,1229.264375,3.551980104,0.359095054,829.6819571
Homa Bay,Beans,2019,48558,29696,0.611557313,0.64454072,1885.016711,31.0128096,1337.668199,4.055499256,0.343102075,924.3743819
Kajiado,Beans,2019,49621,31812,0.641099534,0.393251764,856.6418192,34.50392347,1433.88776,4.802322515,0.287694797,498.0962927
Kakamega,Beans,2019,60653,34869,0.574893245,0.659676238,2331.746613,29.13620193,1506.001934,4.282490046,0.355286572,978.3080859
Kericho,Beans,2019,17528,14935,0.852065267,0.704539269,1863.73143,28.50418639,1812.953605,8.42308492,0.29842051,1095.517649
Kisii,Beans,2019,49799,24149,0.484929416,0.702404087,2122.283236,26.70733033,1794.404485,7.549536285,0.418166457,1087.761393
Machakos,Beans,2019,64880,30123,0.464287916,0.449404915,1149.943226,32.36397664,1313.118025,6.025219254,0.258467237,559.7507588
Makueni,Beans,2019,38880,27575,0.709233539,0.44987336,971.5848102,33.84146161,1074.619032,5.44433328,0.252791567,541.8421095
Meru,Beans,2019,98235,36025,0.366722655,0.525397069,1622.92785,33.04976687,1305.769757,5.517892722,0.242124411,716.7239701
Migori,Beans,2019,33575,24198,0.720714818,0.616025983,1741.52282,30.74093776,1377.596784,4.41738536,0.330214339,938.3988613
Murang'a,Beans,2019,46997,16606,0.353341703,0.675817521,1820.737324,25.40589726,1815.846645,11.66395739,0.375012331,1123.741729
Nakuru,Beans,2019,45977,36575,0.795506449,0.558473805,1217.417424,29.31893847,2130.842906,6.231667917,0.307212237,887.4921754
Nandi,Beans,2019,32088,23179,0.722357268,0.698141132,1865.745163,27.42790686,1905.125646,7.115943796,0.417806771,1077.026279
Narok,Beans,2019,48121,34728,0.721680763,0.566200152,1304.765822,29.3366161,2008.71699,6.890073272,0.302584085,948.6173545
Nyamira,Beans,2019,33090,23150,0.699607132,0.72984089,2095.337929,26.58007222,1877.297522,8.05204414,0.425517366,1134.201688
Siaya,Beans,2019,33194,17197,0.518075556,0.640019618,2043.829544,30.51793474,1262.020072,3.676658336,0.39666656,802.273137
Trans Nzoia,Beans,2019,62428,25202,0.403697059,0.611018168,1543.127255,29.1125637,1954.223384,5.473983856,0.386798772,961.1144262
Baringo,Cowpeas,2019,632,398,0.629746835,0.511465381,1158.20153,32.7862135,1322.382898,8.685413318,0.180698342,677.9957578
Busia,Cowpeas,2019,679,820,1.207658321,0.633829542,2260.662676,30.65910802,1215.086726,3.502162173,0.358131112,830.7482482
Embu,Cowpeas,2019,8404,4967,0.591028082,0.663305792,1806.545019,26.87784283,1502.33557,8.409020782,0.356219438,1007.535599
Homa Bay,Cowpeas,2019,805,804,0.998757764,0.656151183,1896.994452,31.09547256,1334.117324,3.897807188,0.340509409,945.3882839
Kakamega,Cowpeas,2019,3725,4081,1.09557047,0.662336846,2380.576329,29.12303597,1492.960212,4.231107561,0.350524949,979.6679346
Kilifi,Cowpeas,2019,7770,2651,0.341184041,0.523120898,1583.189813,33.11947726,171.0379296,3.745455583,0.256785594,881.2120238
Kisumu,Cowpeas,2019,5026,3497,0.695781934,0.562244565,1838.257432,30.22540499,1214.482579,3.623956311,0.361009173,730.6726291
Kitui,Cowpeas,2019,86314,70295,0.814410177,0.441808192,1035.645834,34.34149216,872.9373078,4.788637082,0.251983666,536.0441593
Kwale,Cowpeas,2019,3534,1080,0.305602716,0.504077362,1449.050049,33.82110301,220.4735437,3.411256644,0.244856359,787.7668519
Lamu,Cowpeas,2019,6200,4575,0.737903226,0.594352445,771.0828561,31.37002303,16.28466401,2.140860698,0.227114368,1021.488117
Machakos,Cowpeas,2019,30127,13342,0.442858565,0.450595394,1150.277556,32.31203894,1317.372316,6.150297288,0.256858386,561.6231138
Makueni,Cowpeas,2019,58448,44031,0.753336299,0.458708215,1003.934405,33.3681412,1108.702151,6.027175625,0.253284928,558.041986
Mandera,Cowpeas,2019,1161,258,0.222222222,0.317691032,510.2983246,37.96413078,502.0116105,3.695320446,0.178765788,371.8074548
Meru,Cowpeas,2019,7132,4398,0.616657319,0.53934673,1667.029435,33.20251034,1143.095259,6.098267161,0.234108235,733.0603758
Migori,Cowpeas,2019,497,320,0.643863179,0.606202364,1731.553849,31.21131597,1341.39191,4.142688741,0.327251263,916.2274483
Murang'a,Cowpeas,2019,647,242,0.374034003,0.603391611,1578.438984,28.97296768,1380.845178,10.67861964,0.290522517,903.269409
Siaya,Cowpeas,2019,617,326,0.528363047,0.64267761,1977.391475,30.75805779,1247.002109,3.684570518,0.388356252,817.1623559
Taita Taveta,Cowpeas,2019,1662,765,0.460288809,0.446319081,980.9042413,34.24972166,749.5203831,4.848806515,0.227488623,580.5618197
Tana River,Cowpeas,2019,947,808,0.853220697,0.503344932,698.238308,32.70070189,69.6510109,2.244847419,0.22032624,791.8691719
Tharaka Nithi,Cowpeas,2019,15733,7580,0.481789868,0.506208232,1531.96407,34.38878965,865.9499646,6.795469586,0.262994952,662.2047133
Baringo,Irish Potatoes,2019,3733,39084,10.46986338,0.595582782,1365.396041,28.31127102,1833.934468,12.23410077,0.223164472,863.2982395
Bomet,Irish Potatoes,2019,4193,41468,9.889816361,0.684520865,1679.283028,28.24442321,1916.710027,5.532031942,0.389263511,1107.972319
Bungoma,Irish Potatoes,2019,3164,31643,10.00094817,0.633177937,1858.12925,29.48999702,1726.035415,5.3591026,0.393338245,969.1869121
Elgeyo Marakwet,Irish Potatoes,2019,32242,399276,12.38372309,0.663300067,1689.468742,22.79988705,2605.332058,13.0310199,0.324696516,1034.698548
Embu,Irish Potatoes,2019,236,2270,9.618644068,0.684456073,1881.279276,25.86446836,1617.385225,8.406422466,0.370931692,1066.983304
Kajiado,Irish Potatoes,2019,1028,4335,4.21692607,0.409260038,896.0420166,33.65217124,1588.006089,5.027760625,0.304990386,544.4860432
Kericho,Irish Potatoes,2019,559,5031,9,0.701234256,1771.776952,26.62774295,2123.912092,9.160426567,0.339935868,1098.954002
Kiambu,Irish Potatoes,2019,19740,90000,4.559270517,0.656854028,1564.307757,24.22405093,2264.417981,8.420886668,0.348424689,1090.992237
Kirinyaga,Irish Potatoes,2019,504,3442,6.829365079,0.64478836,1877.905317,25.24714155,1723.45556,7.276400306,0.372617994,1069.938513
Laikipia,Irish Potatoes,2019,9373,50283,5.364664462,0.509704514,1036.981718,30.54903102,1997.609569,4.542339145,0.3423335,685.5313871
Meru,Irish Potatoes,2019,17441,130185,7.464308239,0.599716906,1808.145601,27.82203883,1899.526363,7.338369513,0.329588741,903.0667382
Murang'a,Irish Potatoes,2019,6642,22753,3.425624812,0.701337613,1908.799067,24.1986413,1926.863579,13.13257993,0.391699811,1191.570728
Nakuru,Irish Potatoes,2019,39195,431145,11,0.566926933,1261.116936,28.17666779,2253.299242,6.545608186,0.315996443,905.5043749
Nandi,Irish Potatoes,2019,480,6010,12.52083333,0.689459458,1764.259056,27.17212171,2020.612579,6.024655165,0.420612732,1077.130245
Narok,Irish Potatoes,2019,12077,138388,11.45880599,0.576410707,1330.352895,27.6215918,2319.724106,7.627611073,0.307641218,950.7556182
Nyandarua,Irish Potatoes,2019,38130,423490,11.10647784,0.617072664,1410.14282,24.4200564,2607.011105,7.376820841,0.360239294,977.9322831
Nyeri,Irish Potatoes,2019,16118,123280,7.648591637,0.686738322,1469.458368,24.98477536,2132.961349,9.536034659,0.352517185,1117.373893
Trans Nzoia,Irish Potatoes,2019,1653,15000,9.074410163,0.629993148,1611.638884,27.89186342,2041.862633,8.475301056,0.367017926,987.742797
Uasin Gishu,Irish Potatoes,2019,4053,40000,9.869232667,0.573112886,1453.698147,28.74492092,2096.322633,4.69192293,0.343667144,889.6554682
West Pokot,Irish Potatoes,2019,1800,26563,14.75722222,0.620033007,1676.653067,23.85676944,2534.804919,13.66764043,0.323900794,929.4615569
Baringo,Maize,2019,45171,70810,1.567598681,0.528900245,1216.504013,31.97306268,1423.909682,9.473460346,0.195994576,725.7404389
Bungoma,Maize,2019,94635,315711,3.336091298,0.632025444,2032.951462,30.08672474,1547.166494,3.827709076,0.370042626,938.731845
Busia,Maize,2019,61850,67445,1.090460792,0.633407001,2227.520705,30.61535016,1219.538342,3.501869497,0.358178029,819.4991009
Elgeyo Marakwet,Maize,2019,31779,104487,3.287925989,0.653205735,1640.899129,25.60287622,2152.782942,10.33242083,0.292424295,1038.487328
Homa Bay,Maize,2019,72793,102742,1.411426923,0.556401107,1740.219781,31.37252683,1288.392071,5.062574801,0.325484491,740.2110649
Kakamega,Maize,2019,95390,259003,2.715200755,0.671721391,2375.777673,28.84828706,1506.160914,4.575026771,0.374390019,1012.17534
Kericho,Maize,2019,32050,85815,2.677535101,0.712907329,1896.19117,27.8847752,1864.54427,7.984561502,0.299832076,1111.449887
Kisii,Maize,2019,66625,144480,2.168555347,0.698832687,2161.255757,26.90745884,1730.287656,7.218777401,0.408419482,1069.096851
Kisumu,Maize,2019,50228,69956,1.392768973,0.609970352,1673.760655,32.06616728,1247.709597,3.282795613,0.337088527,883.6759628
Machakos,Maize,2019,125358,92034,0.734169339,0.441997201,1140.626697,32.58944374,1311.954468,5.771691039,0.270037055,548.8876149
Makueni,Maize,2019,139024,109434,0.787159052,0.447232475,946.9777206,34.13832977,1035.846757,5.044687168,0.252552503,537.5336704
Meru,Maize,2019,74577,96249,1.290598978,0.558856961,1717.33699,31.36393979,1456.09147,6.277339238,0.263503484,790.8912739
Migori,Maize,2019,80745,103965,1.287571986,0.591701018,1683.274063,30.98549629,1368.088151,4.173508556,0.324398584,895.8927627
Nakuru,Maize,2019,76706,214784,2.800093865,0.572534249,1273.764343,28.83828563,2156.082941,6.406183246,0.315196828,902.7486504
Nandi,Maize,2019,66627,184127,2.763549312,0.693657123,1830.330269,27.54134336,1914.757901,6.779389181,0.409395342,1074.475727
Narok,Maize,2019,111559,210005,1.882456817,0.544962364,1253.007936,30.28696823,1932.870016,6.140837833,0.284716306,908.1443387
Nyamira,Maize,2019,46870,80693,1.721634308,0.731884488,2094.661401,26.39959534,1903.348994,7.991517647,0.430205715,1141.270764
Siaya,Maize,2019,64387,75733,1.176215696,0.6308845,1958.936469,30.42649514,1258.027401,3.548367053,0.389691413,785.6100631
Trans Nzoia,Maize,2019,106549,426499,4.002843762,0.608926242,1540.394065,29.13638342,1937.342483,4.988976166,0.386217976,960.170349
Uasin Gishu,Maize,2019,100081,324366,3.241034762,0.575059316,1462.386578,28.18771607,2159.49721,3.835618281,0.345764111,889.1189059
Baringo,Pigeon Peas,2019,6,12,2,0.504301919,1114.338611,33.54571719,1265.119877,7.257053538,0.190901282,632.9474012
Embu,Pigeon Peas,2019,2409,334,0.138646741,0.635304342,1737.063823,27.58780691,1430.549533,8.018998293,0.331799316,943.5325348
Kajiado,Pigeon Peas,2019,42,38,0.904761905,0.417300397,831.8634249,34.1422274,1237.296747,4.212169882,0.290574544,511.3824489
Kiambu,Pigeon Peas,2019,69,64,0.927536232,0.468461702,1206.057623,32.75972485,1412.458855,4.544388439,0.269825488,633.2933678
Kilifi,Pigeon Peas,2019,50,8,0.16,0.519807788,1571.27653,33.19130291,175.453546,3.670492901,0.253468809,867.5678538
Kirinyaga,Pigeon Peas,2019,88,28,0.318181818,0.641349512,1647.359423,28.21155805,1489.046789,7.423358832,0.348379527,1013.209418
Kitui,Pigeon Peas,2019,23004,23123,1.005173013,0.439664665,1031.14175,34.3725964,874.8933558,4.752909988,0.251388628,532.1791723
Kwale,Pigeon Peas,2019,6,5,0.833333333,0.517719025,1606.382867,33.77103397,184.262144,3.23815292,0.2599857,846.0142264
Laikipia,Pigeon Peas,2019,30,18,0.6,0.434109165,927.55612,34.06565781,1572.305924,8.572386023,0.247074416,518.3176509
Lamu,Pigeon Peas,2019,0,0,#DIV/0!,,,,,,,
Machakos,Pigeon Peas,2019,23008,10675,0.463969054,0.450932305,1152.233541,32.28177492,1314.564979,6.214017925,0.25736119,562.326135
Makueni,Pigeon Peas,2019,58511,48770,0.833518484,0.465276066,1029.044146,33.02230525,1134.168054,6.436595836,0.254047419,569.6058103
Meru,Pigeon Peas,2019,16024,17450,1.088991513,0.545715885,1703.059711,33.13815074,1142.922057,6.175580796,0.236168101,751.5440712
Migori,Pigeon Peas,2019,244,190,0.778688525,0.615949878,1728.737958,30.84487182,1365.883858,4.453931943,0.330232969,943.0958033
Murang'a,Pigeon Peas,2019,191,152,0.795811518,0.585200443,1539.730917,29.58322952,1343.877342,10.22993138,0.292089103,853.9448988
Nairobi,Pigeon Peas,2019,8,4,0.5,0.401334641,1004.380494,32.5837242,1563.088741,4.251721048,0.326183434,523.4395499
Nakuru,Pigeon Peas,2019,46,45,0.97826087,0.331284822,813.6898038,38.93877008,1641.739315,4.025575513,0.25943888,823.9514989
Taita Taveta,Pigeon Peas,2019,172,65,0.377906977,0.461835354,1022.221628,33.84347745,850.3698038,5.580549123,0.237234493,584.3768996
Tharaka Nithi,Pigeon Peas,2019,12642,6664,0.527131783,0.507840454,1538.11294,34.28374314,873.4429446,6.801491905,0.263730741,662.5645237
Baringo,Sorghum,2019,1028,1209,1.176070039,0.520074839,1175.532506,32.41350682,1374.611437,9.14140306,0.191165726,696.2487247
Bomet,Sorghum,2019,1535,2959,1.927687296,0.682862003,1676.610943,28.28212838,1909.056571,5.43141081,0.389677045,1105.851383
Busia,Sorghum,2019,10318,14996,1.453382438,0.632449115,2247.379334,30.64603741,1218.154094,3.487058596,0.356566196,824.7522425
Elgeyo Marakwet,Sorghum,2019,945,932,0.986243386,0.658310756,1628.019437,25.37710272,2122.366045,11.38255996,0.299510566,1052.259302
Embu,Sorghum,2019,7043,8375,1.189123953,0.683074325,1860.892079,26.0462194,1591.400542,8.527889066,0.364585504,1057.284491
Homa Bay,Sorghum,2019,26503,27243,1.027921367,0.652789789,1893.505476,31.10926739,1327.611714,3.842316935,0.340580877,938.312164
Kericho,Sorghum,2019,675,1215,1.8,0.693852818,1754.447301,27.30831392,2009.07669,8.30673914,0.335709265,1086.544516
Kisumu,Sorghum,2019,22540,21800,0.967169476,0.61005361,1870.728632,30.19630232,1269.874517,4.469029226,0.375402315,804.2728501
Kitui,Sorghum,2019,70384,125000,1.775971812,0.438146105,1028.405507,34.50062004,850.7585356,4.651102163,0.247370044,529.4393415
Lamu,Sorghum,2019,572,777,1.358391608,0.596298595,774.1215149,31.25293658,17.17026877,2.134923767,0.232543315,1021.322889
Machakos,Sorghum,2019,10952,8584,0.783783784,0.443943913,1138.959282,32.59352095,1306.935462,5.836253755,0.262521798,549.9107581
Makueni,Sorghum,2019,10776,11380,1.056050483,0.444971308,960.1307162,34.11129552,1046.744078,5.404130417,0.250738373,536.9374899
Meru,Sorghum,2019,12918,9970,0.771791299,0.556213313,1708.641032,31.69299776,1366.438433,6.397362803,0.259824139,782.2186047
Migori,Sorghum,2019,11355,9080,0.799647732,0.604488354,1733.904613,31.1949039,1348.911627,4.116088542,0.326749177,911.2698422
Nakuru,Sorghum,2019,806,1486,1.843672457,0.566010785,1257.157912,28.98079151,2143.76555,6.304579609,0.312225082,894.870299
Narok,Sorghum,2019,898,1431,1.593541203,0.560151874,1262.664024,30.64676628,1819.424156,5.519052008,0.295979567,907.4577829
Siaya,Sorghum,2019,15634,16288,1.041831905,0.647444107,2035.485005,30.48610557,1266.026846,3.780869865,0.402904057,804.8096461
Taita Taveta,Sorghum,2019,2435,3972,1.631211499,0.460986502,1002.831118,33.68190046,810.7478848,5.831968387,0.229807199,611.6862908
Tharaka Nithi,Sorghum,2019,19460,12241,0.629033916,0.491116841,1495.835688,34.85418125,832.5017863,6.665916851,0.257345637,631.2776655
Turkana,Sorghum,2019,5682,3500,0.615980289,0.307032875,610.0135272,41.24038676,512.5946918,3.770115227,0.15251361,333.942078
Bomet,Sweet Potatoes,2019,1054,19380,18.38709677,0.682516714,1681.37331,28.32266083,1901.077079,5.31820665,0.388773008,1107.026188
Bungoma,Sweet Potatoes,2019,6262,86356,13.79048227,0.632131352,2029.778363,30.12413243,1541.235014,3.901326804,0.36918279,937.363924
Busia,Sweet Potatoes,2019,3101,86356,27.84779104,0.626970002,2243.269714,30.76005468,1207.112456,3.444697466,0.358627411,822.3528333
Homa Bay,Sweet Potatoes,2019,15151,198363,13.09240314,0.650204822,1889.168114,31.13016595,1326.481634,3.881770137,0.341334973,932.1772282
Kakamega,Sweet Potatoes,2019,3769,16001,4.245423189,0.667571319,2368.19783,29.00039597,1495.285854,4.377144183,0.370330906,1000.082038
Kiambu,Sweet Potatoes,2019,1153,9833,8.528187337,0.551410265,1118.305985,29.63779255,1656.128973,6.06768175,0.259923131,924.9360785
Kirinyaga,Sweet Potatoes,2019,556,5418,9.744604317,0.578508034,1485.61267,30.11568469,1291.128128,4.738457997,0.340937506,837.3115629
Kisii,Sweet Potatoes,2019,630,9536,15.13650794,0.68657356,2138.701087,27.78109085,1578.817004,6.536325909,0.376178469,1031.343334
Kisumu,Sweet Potatoes,2019,2314,33735,14.57865169,0.620476148,1873.701225,30.23580355,1281.527439,4.629581021,0.376955669,823.4237988
Kwale,Sweet Potatoes,2019,1050,6077,5.787619048,0.51261655,1477.44373,33.74021173,218.2482645,3.490184703,0.254666228,814.0747751
Machakos,Sweet Potatoes,2019,1843,4811,2.610417797,0.439937535,1124.653063,32.65591219,1306.55982,5.632795786,0.268474634,543.6044673
Makueni,Sweet Potatoes,2019,550,5890,10.70909091,0.453578373,995.3965346,33.43488533,1140.152872,5.801212795,0.254515239,550.2210761
Meru,Sweet Potatoes,2019,1093,9698,8.872827081,0.536808669,1660.776529,33.13119777,1188.48924,6.099259243,0.222768918,731.2654441
Migori,Sweet Potatoes,2019,8952,119105,13.30484808,0.608369226,1740.810978,31.05053041,1356.559342,4.20775526,0.327602123,919.7036756
Murang'a,Sweet Potatoes,2019,383,4231,11.04699739,0.626811814,1684.245888,27.8001205,1471.699822,11.27503069,0.36406641,1012.714321
Narok,Sweet Potatoes,2019,1146,13155,11.47905759,0.528337159,1248.982932,32.52521678,1651.899272,4.378008195,0.280760539,839.5533501
Nyamira,Sweet Potatoes,2019,372,10100,27.15053763,0.720079983,2128.714611,27.5857519,1751.542416,8.126043749,0.383260274,1096.110897
Siaya,Sweet Potatoes,2019,4113,63130,15.34889375,0.648412194,2039.893998,30.4305193,1269.007994,3.781793778,0.40657246,806.1182274
Taita Taveta,Sweet Potatoes,2019,193,3470,17.97927461,0.454013821,1001.498211,33.86975562,792.1647075,5.403696503,0.22886037,599.3887769
Trans Nzoia,Sweet Potatoes,2019,432,6386,14.78240741,0.622995814,1608.954851,29.66570356,1843.100223,4.280623485,0.389842167,975.6290182
Baringo,Wheat,2019,200,900,4.5,0.622262367,1425.783245,26.40741184,2149.622052,10.04633211,0.336307058,950.9611023
Bungoma,Wheat,2019,157,290,1.847133758,0.626634213,1913.523339,29.07963145,1817.179866,5.668323378,0.387409201,952.9887379
Elgeyo Marakwet,Wheat,2019,226,612,2.707964602,0.621859048,1630.729502,25.75262078,2383.073835,6.667820071,0.318151473,957.7776448
Laikipia,Wheat,2019,8937,37318,4.175674164,0.508685987,1039.355197,30.43218082,2009.979364,4.694624852,0.351065184,679.9703647
Marsabit,Wheat,2019,26,47,1.807692308,0.365848367,928.8135621,35.82533725,1017.624823,4.576910134,0.17424046,346.4868162
Meru,Wheat,2019,11630,32485,2.793207223,0.578312471,1813.264359,26.98217484,2107.264899,7.591177933,0.331700823,866.236601
Nakuru,Wheat,2019,25548,71652,2.8046031,0.595845187,1405.184175,26.36636212,2483.53519,6.88202978,0.337508772,939.9994238
Narok,Wheat,2019,64011,146760,2.292730937,0.577925735,1331.469494,27.1991086,2409.676352,7.641810202,0.31214419,945.030874
Nyamira,Wheat,2019,72,84,1.166666667,0.733578866,2077.985125,26.41710393,1898.711328,7.828218214,0.431362517,1145.899895
Nyandarua,Wheat,2019,1585,4961,3.129968454,0.562904085,1294.594031,26.27187946,2528.856295,6.318381223,0.34044612,885.137903
Nyeri,Wheat,2019,2328,6220,2.671821306,0.656901524,1535.94509,23.19237119,2411.712308,9.479190543,0.360812837,1070.19435
Samburu,Wheat,2019,1400,4300,3.071428571,0.451004235,781.9463569,31.84666077,1632.421849,8.76321619,0.241219845,521.7830516
Trans Nzoia,Wheat,2019,1265,3142,2.483794466,0.607880526,1543.845962,28.93530114,1972.310159,5.430517119,0.388014705,958.4218823
Uasin Gishu,Wheat,2019,19140,57420,3,0.570942851,1449.825184,28.34904517,2144.819328,3.751003328,0.343845812,885.8825295
Baringo,Beans,2020,20914,24647,1.178492876,0.619717897,1620.121587,29.45892948,1396.422952,9.067460354,0.216936956,936.4911329
Bomet,Beans,2020,30570,41923,1.371377167,0.724618021,2087.535341,26.82234769,1905.329942,5.558003884,0.42204485,1240.110544
Bungoma,Beans,2020,78644,51186,0.650857027,0.668370314,2478.211314,28.22423987,1553.924765,4.234981364,0.399469317,1082.065506
Busia,Beans,2020,31065,24034,0.773668115,0.671748328,2683.633131,29.04083533,1229.264375,3.551980104,0.380422108,946.1914092
Homa Bay,Beans,2020,49900,32850,0.658316633,0.674024231,2286.418117,29.62667244,1337.668199,4.055499256,0.364200115,1026.78503
Kajiado,Beans,2020,49821,43846,0.880070653,0.495777935,878.3074325,31.19905712,1433.88776,4.802322515,0.313261621,696.5547257
Kakamega,Beans,2020,51851,27031,0.521320707,0.688736753,2953.812939,27.76401988,1506.001934,4.282490046,0.389056619,1094.593569
Kericho,Beans,2020,18492,11812,0.638762708,0.752467368,2442.626773,26.72585373,1812.953605,8.42308492,0.331811293,1215.977044
Kisii,Beans,2020,48645,28090,0.577448864,0.729826198,2556.655687,25.87649622,1794.404485,7.549536285,0.434585554,1179.652572
Machakos,Beans,2020,73015,32341,0.442936383,0.548195758,1042.309597,29.93570763,1313.118025,6.025219254,0.262581864,751.6984652
Makueni,Beans,2020,38631,31218,0.808107478,0.546780327,955.8737049,31.58416547,1074.619032,5.44433328,0.270194891,720.2202641
Meru,Beans,2020,80783,43593,0.539630863,0.607920477,1447.682341,30.51786138,1305.769757,5.517892722,0.253794095,928.2092414
Migori,Beans,2020,37995,27609,0.726648243,0.65310889,2081.438624,29.47990469,1377.596784,4.41738536,0.348203708,1052.266313
Murang'a,Beans,2020,46011,17417,0.378539914,0.714944035,2005.831473,24.5794501,1815.846645,11.66395739,0.398520479,1264.50735
Nakuru,Beans,2020,39555,38884,0.983036279,0.648606062,1546.036029,26.16643972,2130.842906,6.231667917,0.345734623,1059.175938
Nandi,Beans,2020,25116,18295,0.728420131,0.736634847,2539.998724,25.95081995,1905.125646,7.115943796,0.439834833,1191.042222
Narok,Beans,2020,44951,28789,0.640452938,0.636771009,1559.780983,26.9778845,2008.71699,6.890073272,0.345156582,1115.055613
Nyamira,Beans,2020,31830,26574,0.834872762,0.755450715,2560.249108,25.54544197,1877.297522,8.05204414,0.443884321,1210.408955
Siaya,Beans,2020,31942,17286,0.541168368,0.682219453,2526.475341,28.9978058,1262.020072,3.676658336,0.41016979,913.3241961
Trans Nzoia,Beans,2020,54893,25061,0.456542729,0.659912438,2077.830607,26.90104498,1954.223384,5.473983856,0.423829109,1144.691028
Baringo,Cowpeas,2020,761,900,1.182654402,0.60834275,1575.630408,30.02201095,1322.382898,8.685413318,0.20889921,904.7986531
Busia,Cowpeas,2020,889,807,0.90776153,0.66950936,2674.444141,29.09435122,1215.086726,3.502162173,0.379335067,945.1293557
Embu,Cowpeas,2020,6930,5407,0.78023088,0.718028547,1780.188634,25.73545278,1502.33557,8.409020782,0.372603629,1172.133981
Homa Bay,Cowpeas,2020,2106,1458,0.692307692,0.681902201,2294.831306,29.76873582,1334.117324,3.897807188,0.361824077,1042.784036
Kakamega,Cowpeas,2020,1586,2471,1.558007566,0.689134679,3012.312553,27.80027225,1492.960212,4.231107561,0.384692687,1090.879011
Kilifi,Cowpeas,2020,10403,2966,0.285110064,0.576921689,1434.445027,32.02183692,171.0379296,3.745455583,0.272565057,1070.515647
Kisumu,Cowpeas,2020,4916,2807,0.570992677,0.608697749,2416.726926,28.86749773,1214.482579,3.623956311,0.37627325,820.3972695
Kitui,Cowpeas,2020,83661,70111,0.838036839,0.559421706,909.1113008,31.56890419,872.9373078,4.788637082,0.262064891,768.4905171
Kwale,Cowpeas,2020,5034,1736,0.344854986,0.549108178,1382.605868,32.74943639,220.4735437,3.411256644,0.261167951,962.2217336
Lamu,Cowpeas,2020,6950,9630,1.385611511,0.631188946,668.5715174,29.81585684,16.28466401,2.140860698,0.246185721,1176.107326
Machakos,Cowpeas,2020,22726,13432,0.591041098,0.550044245,1044.705205,29.896339,1317.372316,6.150297288,0.261174581,754.4604938
Makueni,Cowpeas,2020,68115,56426,0.828393159,0.552662813,986.0961039,31.23550399,1108.702151,6.027175625,0.270256621,732.6312009
Mandera,Cowpeas,2020,1267,385,0.303867403,0.369752663,366.335908,36.90182949,502.0116105,3.695320446,0.150323526,404.6337879
Meru,Cowpeas,2020,8023,2853,0.355602642,0.617077313,1468.411839,30.95305465,1143.095259,6.098267161,0.244219007,936.147691
Migori,Cowpeas,2020,525,361,0.687619048,0.647782989,2069.520828,29.81237443,1341.39191,4.142688741,0.345741643,1036.885687
Murang'a,Cowpeas,2020,653,295,0.451761103,0.669588302,1568.096591,27.46393746,1380.845178,10.67861964,0.288741438,1092.622162
Siaya,Cowpeas,2020,589,420,0.713073005,0.688105523,2477.088428,29.11252496,1247.002109,3.684570518,0.402579716,934.2887897
Taita Taveta,Cowpeas,2020,2005,1253,0.624937656,0.530460411,920.0881239,32.11833958,749.5203831,4.848806515,0.250863835,741.9028661
Tana River,Cowpeas,2020,1602,1544,0.963795256,0.572579567,570.2490463,31.12954353,69.6510109,2.244847419,0.231056048,942.5307746
Tharaka Nithi,Cowpeas,2020,14034,5530,0.394043038,0.576193729,1399.285701,32.42600992,865.9499646,6.795469586,0.271235439,854.2351233
Baringo,Irish Potatoes,2020,3597,39207,10.8999166,0.697340406,1822.778091,25.71250366,1833.934468,12.23410077,0.251843909,1096.12266
Bomet,Irish Potatoes,2020,3505,35504,10.12952924,0.718540632,2057.043622,26.89203011,1916.710027,5.532031942,0.422577041,1230.200217
Bungoma,Irish Potatoes,2020,1946,19734,10.14080164,0.678770862,2314.635833,27.38325248,1726.035415,5.3591026,0.424606378,1134.840585
Elgeyo Marakwet,Irish Potatoes,2020,32005,374379,11.69751601,0.712714029,2208.662965,21.32749936,2605.332058,13.0310199,0.371523855,1197.266673
Embu,Irish Potatoes,2020,268,1995,7.444029851,0.734194851,1876.719306,24.86306833,1617.385225,8.406422466,0.388553697,1217.929934
Kajiado,Irish Potatoes,2020,1378,6845,4.967343977,0.51958339,946.2178941,30.26083774,1588.006089,5.027760625,0.329734219,750.8223476
Kericho,Irish Potatoes,2020,595,4601,7.732773109,0.760610624,2306.347046,24.59104749,2123.912092,9.160426567,0.373083483,1239.98792
Kiambu,Irish Potatoes,2020,16403,112743,6.873315857,0.699298092,1724.625468,22.94188062,2264.417981,8.420886668,0.374268758,1223.505249
Kirinyaga,Irish Potatoes,2020,505,5845,11.57425743,0.686912811,1893.40602,24.63848356,1723.45556,7.276400306,0.384467432,1203.11281
Laikipia,Irish Potatoes,2020,5136,36876,7.179906542,0.607237659,1273.471541,27.60908566,1997.609569,4.542339145,0.365493984,906.6343337
Meru,Irish Potatoes,2020,21017,141926,6.752914307,0.657746874,1687.608563,25.77461819,1899.526363,7.338369513,0.349232888,1090.439322
Murang'a,Irish Potatoes,2020,6548,22484,3.43372022,0.733630046,2164.108794,23.53191527,1926.863579,13.13257993,0.423109919,1323.105755
Nakuru,Irish Potatoes,2020,29868,372103,12.45824963,0.652330688,1590.869563,25.19570033,2253.299242,6.545608186,0.354642148,1070.953253
Nandi,Irish Potatoes,2020,518,6509,12.56563707,0.731054538,2437.791734,25.53330998,2020.612579,6.024655165,0.439695765,1196.155346
Narok,Irish Potatoes,2020,15236,150536,9.880283539,0.651252638,1606.96219,25.18172276,2319.724106,7.627611073,0.354600738,1114.793467
Nyandarua,Irish Potatoes,2020,38805,428269,11.0364386,0.692372743,1715.198567,22.09122143,2607.011105,7.376820841,0.392491221,1133.435743
Nyeri,Irish Potatoes,2020,16358,95994,5.868321311,0.733584075,1686.331017,23.4981679,2132.961349,9.536034659,0.379626352,1276.847033
Trans Nzoia,Irish Potatoes,2020,1675,9750,5.820895522,0.68523436,2163.780637,25.77314499,2041.862633,8.475301056,0.409085266,1161.115856
Uasin Gishu,Irish Potatoes,2020,7189,54367,7.562526082,0.634244756,1976.471306,26.56073847,2096.322633,4.69192293,0.383775822,1072.281106
West Pokot,Irish Potatoes,2020,1750,17500,10,0.666894494,2181.492208,21.85347552,2534.804919,13.66764043,0.36700097,1115.036047
Baringo,Maize,2020,47437,68374,1.441364336,0.62181616,1648.140351,29.29097038,1423.909682,9.473460346,0.224083363,948.9299654
Bungoma,Maize,2020,87960,317912,3.614279218,0.668386009,2500.445363,28.28509406,1547.166494,3.827709076,0.40050431,1082.651719
Busia,Maize,2020,48150,69450,1.442367601,0.668440295,2634.682568,29.0403449,1219.538342,3.501869497,0.378857557,932.4339855
Elgeyo Marakwet,Maize,2020,25856,87431,3.381458849,0.720021014,2206.223224,23.77718955,2152.782942,10.33242083,0.325143813,1229.291752
Homa Bay,Maize,2020,72097,92394,1.281523503,0.605860289,2121.667936,29.35314952,1288.392071,5.062574801,0.340371886,877.0441371
Kakamega,Maize,2020,83773,226888,2.708366658,0.698159923,3006.357585,27.59993565,1506.160914,4.575026771,0.404984563,1118.053676
Kericho,Maize,2020,34397,92731,2.695903713,0.757920026,2479.670458,26.29075477,1864.54427,7.984561502,0.331229579,1227.992426
Kisii,Maize,2020,67286,132790,1.973516036,0.724860099,2607.312185,26.13104001,1730.287656,7.218777401,0.423331169,1159.043768
Kisumu,Maize,2020,46307,67307,1.453495152,0.652835118,2332.47345,30.06097936,1247.709597,3.282795613,0.36341284,1003.306604
Machakos,Maize,2020,133795,40927,0.305893344,0.532407135,1039.461713,30.18482122,1311.954468,5.771691039,0.273866477,730.5537458
Makueni,Maize,2020,146562,120000,0.818766119,0.545680837,926.1013713,31.80868331,1035.846757,5.044687168,0.270460275,718.3528567
Meru,Maize,2020,67416,74757,1.108891064,0.630345893,1539.298362,29.25651081,1456.09147,6.277339238,0.281143496,983.4324038
Migori,Maize,2020,78222,95966,1.226841554,0.632138633,2001.197108,29.6561818,1368.088151,4.173508556,0.34047796,1013.919626
Nakuru,Maize,2020,64963,206151,3.17336022,0.658951895,1610.896519,25.85995987,2156.082941,6.406183246,0.352892607,1070.951775
Nandi,Maize,2020,59746,165866,2.776185853,0.733115067,2509.828963,26.00305295,1914.757901,6.779389181,0.431131967,1193.515931
Narok,Maize,2020,116717,202855,1.738007317,0.624357364,1493.667461,27.64538079,1932.870016,6.140837833,0.32879501,1089.312781
Nyamira,Maize,2020,42730,67563,1.581160777,0.757238776,2549.363524,25.43127793,1903.348994,7.991517647,0.448940878,1208.920491
Siaya,Maize,2020,63493,72351,1.139511442,0.671768369,2431.085934,28.97855464,1258.027401,3.548367053,0.402544761,892.7893019
Trans Nzoia,Maize,2020,104850,489056,4.664339533,0.656009166,2071.214621,26.95131796,1937.342483,4.988976166,0.422180141,1139.440345
Uasin Gishu,Maize,2020,106999,456574,4.267086608,0.632440587,2010.828874,26.04390911,2159.49721,3.835618281,0.380710821,1063.465145
Baringo,Pigeon Peas,2020,6,3,0.5,0.610733394,1522.128413,30.66561168,1265.119877,7.257053538,0.222746204,869.8482386
Embu,Pigeon Peas,2020,1013,724,0.714708786,0.68684209,1692.48859,26.34651292,1430.549533,8.018998293,0.346346432,1106.584804
Kajiado,Pigeon Peas,2020,82,30,0.365853659,0.505514479,826.8824367,31.73314242,1237.296747,4.212169882,0.308288078,679.1367407
Kiambu,Pigeon Peas,2020,72,90,1.25,0.540664144,1139.821827,30.61644595,1412.458855,4.544388439,0.277929978,803.3324067
Kilifi,Pigeon Peas,2020,92,28,0.304347826,0.57469023,1422.59433,32.08489628,175.453546,3.670492901,0.269526028,1058.155637
Kirinyaga,Pigeon Peas,2020,127,71,0.559055118,0.708940243,1630.825268,26.96337562,1489.046789,7.423358832,0.359888408,1162.631992
Kitui,Pigeon Peas,2020,26082,32807,1.257840656,0.557578365,909.1912525,31.59558596,874.8933558,4.752909988,0.261505369,763.1805104
Kwale,Pigeon Peas,2020,8,9,1.125,0.570800841,1530.785482,33.13118399,184.262144,3.23815292,0.274237353,1006.275933
Laikipia,Pigeon Peas,2020,0,35,#DIV/0!,0.56127029,1049.183881,31.02184397,1572.305924,8.572386023,0.26395927,763.0704933
Lamu,Pigeon Peas,2020,0,0,#DIV/0!,,,,,,,
Machakos,Pigeon Peas,2020,18441,12037,0.652730329,0.5519041,1047.73181,29.85850757,1314.564979,6.214017925,0.261839138,756.9017135
Makueni,Pigeon Peas,2020,70394,65056,0.924169674,0.557363381,1009.490242,30.97315047,1134.168054,6.436595836,0.270729933,741.9944625
Meru,Pigeon Peas,2020,5574,5352,0.960172228,0.622246742,1497.486901,30.89164764,1142.922057,6.175580796,0.245927301,955.9495983
Migori,Pigeon Peas,2020,168,50,0.297619048,0.654589016,2068.872581,29.52002103,1365.883858,4.453931943,0.349239863,1061.700846
Murang'a,Pigeon Peas,2020,198,125,0.631313131,0.659094226,1498.053666,27.89127526,1343.877342,10.22993138,0.290460047,1055.868718
Nairobi,Pigeon Peas,2020,5,10,2,0.470768718,978.0138815,30.9000343,1563.088741,4.251721048,0.342624978,647.2444811
Nakuru,Pigeon Peas,2020,51,62,1.215686275,0.467844562,968.7793354,33.11596357,1641.739315,4.025575513,0.29632342,966.8011815
Taita Taveta,Pigeon Peas,2020,144,78,0.541666667,0.556332333,929.5405851,31.33782737,850.3698038,5.580549123,0.261679453,757.0644569
Tharaka Nithi,Pigeon Peas,2020,10872,6507,0.598509934,0.576882374,1402.296886,32.34125677,873.4429446,6.801491905,0.272336964,855.4307745
Baringo,Sorghum,2020,1467,2261,1.541240627,0.614225917,1595.85423,29.71534591,1374.611437,9.14140306,0.220075813,920.7529627
Bomet,Sorghum,2020,2165,4920,2.272517321,0.716826629,2055.463483,26.90636229,1909.056571,5.43141081,0.422400744,1229.558928
Busia,Sorghum,2020,9574,11060,1.155212033,0.669275289,2657.14468,29.06734083,1218.154094,3.487058596,0.377340781,939.0794539
Elgeyo Marakwet,Sorghum,2020,325,393,1.209230769,0.725987742,2183.46651,23.5991327,2122.366045,11.38255996,0.334588822,1241.181754
Embu,Sorghum,2020,6425,3358,0.522645914,0.730545174,1855.020406,25.04221666,1591.400542,8.527889066,0.381277058,1203.628431
Homa Bay,Sorghum,2020,25377,26489,1.043819206,0.678002138,2291.201482,29.78178221,1327.611714,3.842316935,0.361545043,1034.751325
Kericho,Sorghum,2020,735,1440,1.959183673,0.751124814,2310.624246,25.39491048,2009.07669,8.30673914,0.36762101,1218.145393
Kisumu,Sorghum,2020,20740,22974,1.107714561,0.650266603,2456.61656,28.92244965,1269.874517,4.469029226,0.392206523,893.3691096
Kitui,Sorghum,2020,67872,162004,2.386904762,0.557612295,900.3563508,31.65506761,850.7585356,4.651102163,0.258232277,764.7210107
Lamu,Sorghum,2020,800,1663,2.07875,0.632107588,683.6277758,29.79705492,17.17026877,2.134923767,0.251509175,1171.922573
Machakos,Sorghum,2020,9682,4548,0.469737658,0.538246758,1034.713862,30.16923533,1306.935462,5.836253755,0.266001244,735.1576768
Makueni,Sorghum,2020,8495,8153,0.959741024,0.543743709,945.9750484,31.76012733,1046.744078,5.404130417,0.268273791,715.6645871
Meru,Sorghum,2020,10519,11903,1.131571442,0.628291351,1528.586017,29.56657706,1366.438433,6.397362803,0.274794841,978.6871069
Migori,Sorghum,2020,7034,4936,0.701734433,0.645118278,2068.067686,29.82280745,1348.911627,4.116088542,0.345158708,1028.232982
Nakuru,Sorghum,2020,713,1054,1.47826087,0.653271142,1591.6761,25.96293995,2143.76555,6.304579609,0.350234159,1062.950159
Narok,Sorghum,2020,843,1143,1.355871886,0.624386191,1471.38452,28.23988776,1819.424156,5.519052008,0.335537001,1077.409328
Siaya,Sorghum,2020,16019,14925,0.931706099,0.688134413,2517.856478,29.00875846,1266.026846,3.780869865,0.416318583,913.2267218
Taita Taveta,Sorghum,2020,2071,3327,1.606470304,0.538103165,923.3583301,31.76019347,810.7478848,5.831968387,0.253363807,758.231956
Tharaka Nithi,Sorghum,2020,18097,11972,0.661546113,0.563635889,1357.942015,32.85642588,832.5017863,6.665916851,0.265448331,822.2265751
Turkana,Sorghum,2020,5520,6736,1.220289855,0.410746328,633.0280522,38.49168494,512.5946918,3.770115227,0.173548002,526.4263905
Bomet,Sweet Potatoes,2020,1117,22540,20.17905103,0.716737233,2061.507223,26.93978108,1901.077079,5.31820665,0.421648394,1231.405296
Bungoma,Sweet Potatoes,2020,5659,76609,13.5375508,0.668496863,2497.98859,28.303287,1541.235014,3.901326804,0.399119129,1081.407584
Busia,Sweet Potatoes,2020,3388,62297,18.38754427,0.660705446,2648.253471,29.15014842,1207.112456,3.444697466,0.380893533,934.3959112
Homa Bay,Sweet Potatoes,2020,14384,198744,13.81701891,0.676265231,2287.036196,29.7732209,1326.481634,3.881770137,0.362239665,1030.242431
Kakamega,Sweet Potatoes,2020,4018,17802,4.430562469,0.694351839,2993.692322,27.71579932,1495.285854,4.377144183,0.400752349,1108.052696
Kiambu,Sweet Potatoes,2020,1175,11516,9.800851064,0.639065568,1237.678392,27.31305784,1656.128973,6.06768175,0.277193394,1127.686985
Kirinyaga,Sweet Potatoes,2020,656,5632,8.585365854,0.636501992,1436.695528,28.82967222,1291.128128,4.738457997,0.346568775,1020.205219
Kisii,Sweet Potatoes,2020,869,13299,15.30379747,0.716005165,2580.829465,27.0028698,1578.817004,6.536325909,0.390466925,1130.838794
Kisumu,Sweet Potatoes,2020,2365,35475,15,0.659448603,2462.938321,28.97475124,1281.527439,4.629581021,0.394990457,912.5487364
Kwale,Sweet Potatoes,2020,1229,5656,4.602115541,0.555773261,1407.714462,32.78139613,218.2482645,3.490184703,0.270495442,983.1939775
Machakos,Sweet Potatoes,2020,2368,10945,4.622043919,0.532062324,1023.392934,30.23163969,1306.55982,5.632795786,0.272682729,725.1818089
Makueni,Sweet Potatoes,2020,735,6517,8.866666667,0.54866626,979.9728371,31.20070167,1140.152872,5.801212795,0.271759583,726.7692626
Meru,Sweet Potatoes,2020,1118,10314,9.225402504,0.616079387,1460.552866,30.83958969,1188.48924,6.099259243,0.232210294,931.8037899
Migori,Sweet Potatoes,2020,3698,62796,16.98107085,0.648388866,2076.976002,29.70399883,1356.559342,4.20775526,0.345860236,1035.956313
Murang'a,Sweet Potatoes,2020,408,3978,9.75,0.674806546,1774.497156,26.75798172,1471.699822,11.27503069,0.379095939,1166.17919
Narok,Sweet Potatoes,2020,1420,15503,10.91760563,0.616325006,1468.56509,29.38054618,1651.899272,4.378008195,0.318811298,1038.332069
Nyamira,Sweet Potatoes,2020,324,3525,10.87962963,0.75492309,2640.476003,26.37281429,1751.542416,8.126043749,0.415162725,1200.306686
Siaya,Sweet Potatoes,2020,5154,71504,13.87349631,0.68858167,2522.700606,28.97367418,1269.007994,3.781793778,0.419806528,913.2103225
Taita Taveta,Sweet Potatoes,2020,190,4350,22.89473684,0.531535506,928.2068301,31.93491394,792.1647075,5.403696503,0.252458622,748.9096927
Trans Nzoia,Sweet Potatoes,2020,501,5491,10.96007984,0.672196332,2137.146594,27.38200445,1843.100223,4.280623485,0.422531158,1160.691133
Baringo,Wheat,2020,150,257,1.713333333,0.703108362,1896.704385,24.09866076,2149.622052,10.04633211,0.367509275,1145.158627
Bungoma,Wheat,2020,134,416,3.104477612,0.662172083,2372.552129,27.08594255,1817.179866,5.668323378,0.420701751,1106.722295
Elgeyo Marakwet,Wheat,2020,191,496,2.596858639,0.679477927,2163.610659,23.95719591,2383.073835,6.667820071,0.35904551,1146.095986
Laikipia,Wheat,2020,5434,23265,4.281376518,0.609666393,1294.248557,27.38373559,2009.979364,4.694624852,0.378625055,898.7528541
Marsabit,Wheat,2020,26,75,2.884615385,0.491967615,1100.471711,33.15321985,1017.624823,4.576910134,0.168221085,583.5438158
Meru,Wheat,2020,10685,32875,3.076743098,0.63261708,1727.446009,24.9774272,2107.264899,7.591177933,0.351991522,1056.618768
Nakuru,Wheat,2020,23232,98909,4.257446625,0.671037213,1763.617417,23.74359731,2483.53519,6.88202978,0.378222193,1095.166894
Narok,Wheat,2020,63394,185287,2.922784491,0.656851212,1612.805407,24.67830123,2409.676352,7.641810202,0.360262371,1112.19027
Nyamira,Wheat,2020,876,438,0.5,0.757770489,2532.058959,25.45906222,1898.711328,7.828218214,0.448806624,1212.917928
Nyandarua,Wheat,2020,2380,8027,3.372689076,0.64712843,1555.72268,23.56545677,2528.856295,6.318381223,0.369258735,1059.842923
Nyeri,Wheat,2020,2924,4776,1.633378933,0.703725588,1801.846483,21.97135479,2411.712308,9.479190543,0.386980941,1238.235564
Samburu,Wheat,2020,1000,4050,4.05,0.542031784,922.0291946,29.73185356,1632.421849,8.76321619,0.266611408,737.0713837
Trans Nzoia,Wheat,2020,1520,3456,2.273684211,0.65490512,2078.3788,26.73237184,1972.310159,5.430517119,0.42474973,1140.611789
Uasin Gishu,Wheat,2020,13791,42369,3.072221014,0.628810783,1991.9485,26.18013607,2144.819328,3.751003328,0.379145647,1061.885369
Baringo,Beans,2021,19669,16240,0.825664752,0.516735849,916.9238455,32.114198,1396.422952,9.067460354,0.1482269,666.7445479
Bomet,Beans,2021,29255,28179,0.963219962,0.719047742,1609.124784,26.50570186,1905.329942,5.558003884,0.396382796,1211.618843
Bungoma,Beans,2021,87218,59962,0.6874957,0.63829234,1692.453316,28.98006488,1553.924765,4.234981364,0.353095244,968.3475331
Busia,Beans,2021,22314,13309,0.596441696,0.649134651,1820.821144,29.66604285,1229.264375,3.551980104,0.354906237,852.1754979
Homa Bay,Beans,2021,43074,30340,0.704369225,0.637030415,1502.374565,30.22541789,1337.668199,4.055499256,0.333592971,937.532361
Kajiado,Beans,2021,2370,1576,0.664978903,0.408934682,607.7581899,33.3619741,1433.88776,4.802322515,0.257998139,489.2297346
Kakamega,Beans,2021,65341,31320,0.479331507,0.666115029,2073.459795,28.19230806,1506.001934,4.282490046,0.329779795,1005.942008
Kericho,Beans,2021,18222,20482,1.124025903,0.710599449,1820.666743,27.45661136,1812.953605,8.42308492,0.29363431,1140.775443
Kisii,Beans,2021,47594,31199,0.655523806,0.71508877,1903.108936,25.69172176,1794.404485,7.549536285,0.415674094,1146.396455
Machakos,Beans,2021,78628,28788,0.366129114,0.448737131,779.3580137,31.94956511,1313.118025,6.025219254,0.22005615,556.8700381
Makueni,Beans,2021,40186,24446,0.608321306,0.441968615,667.7488435,33.58466942,1074.619032,5.44433328,0.207613736,522.9605075
Meru,Beans,2021,81119,51031,0.62908813,0.518855236,995.4217211,32.66290816,1305.769757,5.517892722,0.211460834,680.6462536
Migori,Beans,2021,39279,28594,0.72797169,0.617607098,1391.873405,29.95246372,1377.596784,4.41738536,0.314535408,959.4925078
Murang'a,Beans,2021,44757,21205,0.473780638,0.682123467,1187.936735,24.50640253,1815.846645,11.66395739,0.366932522,1112.756949
Nakuru,Beans,2021,61027,42148,0.690645124,0.573662099,1032.696364,28.35602538,2130.842906,6.231667917,0.289118618,916.8671476
Nandi,Beans,2021,19998,16278,0.813981398,0.704568418,1852.782511,26.58597708,1905.125646,7.115943796,0.408671219,1102.156522
Narok,Beans,2021,49599,44813,0.903506119,0.577370651,1072.923932,28.1939044,2008.71699,6.890073272,0.302730408,999.9966206
Nyamira,Beans,2021,31435,19162,0.609575314,0.73991577,1967.636662,25.37826712,1877.297522,8.05204414,0.425428168,1187.751433
Siaya,Beans,2021,39931,18844,0.471914052,0.661235612,1752.285062,29.40660207,1262.020072,3.676658336,0.394935174,824.2915733
Trans Nzoia,Beans,2021,52418,18868,0.359952688,0.614078421,1311.940352,28.30489603,1954.223384,5.473983856,0.386524118,981.8254216
Baringo,Cowpeas,2021,701,580,0.827389444,0.501093294,876.4691622,32.7306203,1322.382898,8.685413318,0.137867457,627.8819525
Busia,Cowpeas,2021,639,751,1.175273865,0.646375543,1800.50471,29.78765056,1215.086726,3.502162173,0.354573068,849.4934224
Embu,Cowpeas,2021,7686,2433,0.316549571,0.657012968,1124.729392,26.24897322,1502.33557,8.409020782,0.356864115,1006.001957
Homa Bay,Cowpeas,2021,631,396,0.627575277,0.647170044,1495.306492,30.34797898,1334.117324,3.897807188,0.330675311,954.6145135
Kakamega,Cowpeas,2021,4543,3853,0.848117984,0.667534669,2116.203909,28.19045756,1492.960212,4.231107561,0.323799686,1006.0529
Kilifi,Cowpeas,2021,7117,1674,0.235211466,0.414466212,857.5809098,36.04842108,171.0379296,3.745455583,0.192046938,676.6895393
Kisumu,Cowpeas,2021,3505,2245,0.640513552,0.555981301,1629.738413,29.38015894,1214.482579,3.623956311,0.356031515,726.916221
Kitui,Cowpeas,2021,80938,17868,0.220761571,0.429444156,656.4216085,34.49144133,872.9373078,4.788637082,0.205553869,510.818901
Kwale,Cowpeas,2021,8411,4206,0.500059446,0.394517616,830.7133946,37.12390867,220.4735437,3.411256644,0.175540971,581.7913512
Lamu,Cowpeas,2021,5100,2260,0.443137255,0.48161712,376.5011867,34.75502663,16.28466401,2.140860698,0.175333795,816.1594647
Machakos,Cowpeas,2021,26359,10611,0.402557001,0.450116342,781.4503111,31.90942932,1317.372316,6.150297288,0.21836024,559.1220463
Makueni,Cowpeas,2021,63808,64510,1.011001755,0.45013992,696.2436502,33.11547329,1108.702151,6.027175625,0.20847688,539.1382861
Mandera,Cowpeas,2021,1253,493,0.393455706,0.282981621,289.6397062,38.63728485,502.0116105,3.695320446,0.129909986,250.6025309
Meru,Cowpeas,2021,5279,4601,0.871566585,0.537764815,1032.068799,32.52783077,1143.095259,6.098267161,0.202088228,704.5450615
Migori,Cowpeas,2021,310,225,0.725806452,0.610639645,1371.124513,30.34786426,1341.39191,4.142688741,0.311619665,940.6595615
Murang'a,Cowpeas,2021,646,330,0.510835913,0.60231316,1000.557466,27.8755701,1380.845178,10.67861964,0.244246897,918.1384856
Siaya,Cowpeas,2021,260,160,0.615384615,0.662802817,1697.282446,29.57335898,1247.002109,3.684570518,0.384903659,839.5585511
Taita Taveta,Cowpeas,2021,1628,979,0.601351351,0.418357356,575.2872085,34.85690962,749.5203831,4.848806515,0.176621441,513.0553676
Tana River,Cowpeas,2021,811,920,1.134401973,0.440599834,377.8118739,34.88229733,69.6510109,2.244847419,0.173225749,661.7230534
Tharaka Nithi,Cowpeas,2021,14840,5313,0.358018868,0.518422339,1037.334786,33.11218549,865.9499646,6.795469586,0.230134536,674.5989761
Baringo,Irish Potatoes,2021,3363,45215,13.44484092,0.609728239,1080.444531,28.06365208,1833.934468,12.23410077,0.182115867,851.9789203
Bomet,Irish Potatoes,2021,3526,36320,10.30062394,0.713845248,1583.247886,26.55053077,1916.710027,5.532031942,0.396679956,1200.768244
Bungoma,Irish Potatoes,2021,1883,24936,13.24269782,0.642351435,1596.68649,28.25014055,1726.035415,5.3591026,0.382638539,1005.227758
Elgeyo Marakwet,Irish Potatoes,2021,31370,425964,13.57870577,0.68806272,1281.901057,22.03200181,2605.332058,13.0310199,0.339105136,1053.545893
Embu,Irish Potatoes,2021,274,2057,7.50729927,0.678669435,1182.946058,25.20525262,1617.385225,8.406422466,0.374692867,1073.174065
Kajiado,Irish Potatoes,2021,1073,4431,4.129543336,0.431581914,645.4648968,32.39586375,1588.006089,5.027760625,0.27229897,532.0391714
Kericho,Irish Potatoes,2021,618,6798,11,0.715606889,1726.70508,25.4852834,2123.912092,9.160426567,0.339116028,1172.637806
Kiambu,Irish Potatoes,2021,18955,123904,6.536744922,0.678472768,1097.855198,23.39362,2264.417981,8.420886668,0.321816981,1062.067869
Kirinyaga,Irish Potatoes,2021,579,5565,9.611398964,0.653638987,1188.931685,24.84081236,1723.45556,7.276400306,0.362569452,1059.720959
Laikipia,Irish Potatoes,2021,8480,40270,4.748820755,0.491783648,770.1871767,31.0556902,1997.609569,4.542339145,0.29735585,593.0025812
Meru,Irish Potatoes,2021,17392,224747,12.9224356,0.593397793,1091.532234,27.60796291,1899.526363,7.338369513,0.315892927,861.2372702
Murang'a,Irish Potatoes,2021,6314,32708,5.1802344,0.706692683,1257.628573,23.3182581,1926.863579,13.13257993,0.394738984,1180.625899
Nakuru,Irish Potatoes,2021,40285,422207,10.48050143,0.58438502,1072.170802,27.19978734,2253.299242,6.545608186,0.301608557,943.4009646
Nandi,Irish Potatoes,2021,483,6085,12.59834369,0.693497025,1759.378372,26.3983893,2020.612579,6.024655165,0.403821393,1093.682212
Narok,Irish Potatoes,2021,14560,135176,9.284065934,0.59540403,1105.227836,26.47537848,2319.724106,7.627611073,0.311655318,1013.580269
Nyandarua,Irish Potatoes,2021,37590,384323,10.22407555,0.66306971,1098.907053,22.94743682,2607.011105,7.376820841,0.357233837,995.6059224
Nyeri,Irish Potatoes,2021,16469,94420,5.733195701,0.670452894,1058.216464,24.45878925,2132.961349,9.536034659,0.335507217,1074.106658
Trans Nzoia,Irish Potatoes,2021,1758,9940,5.654152446,0.647173395,1353.781606,26.90819324,2041.862633,8.475301056,0.377854055,1018.115276
Uasin Gishu,Irish Potatoes,2021,7237,56659,7.82907282,0.579919276,1242.048467,27.90946544,2096.322633,4.69192293,0.331475993,889.6557623
West Pokot,Irish Potatoes,2021,2517,24365,9.680174811,0.658754934,1276.637075,22.87314689,2534.804919,13.66764043,0.334563968,934.0933276
Baringo,Maize,2021,34709,59169,1.704716356,0.522178503,944.100783,31.85822434,1423.909682,9.473460346,0.156033124,684.6534703
Bungoma,Maize,2021,93214,269443,2.890585105,0.639629682,1713.020432,28.91173413,1547.166494,3.827709076,0.356234503,972.4745582
Busia,Maize,2021,33810,42028,1.243064182,0.646418879,1781.528299,29.70610944,1219.538342,3.501869497,0.354635676,839.6546434
Elgeyo Marakwet,Maize,2021,31351,86007,2.743357469,0.660641447,1336.171443,25.31157022,2152.782942,10.33242083,0.271888714,1055.719129
Homa Bay,Maize,2021,79608,82278,1.033539343,0.555938887,1363.508302,30.28625688,1288.392071,5.062574801,0.316502852,771.3907898
Kakamega,Maize,2021,98415,262506,2.667337296,0.677025033,2129.380271,28.00085464,1506.160914,4.575026771,0.360288368,1037.300797
Kericho,Maize,2021,35068,98746,2.815843504,0.720504491,1851.902622,26.90795045,1864.54427,7.984561502,0.29434908,1154.739919
Kisii,Maize,2021,65876,96249,1.46106321,0.707416565,1914.809205,25.98519566,1730.287656,7.218777401,0.403592115,1124.461168
Kisumu,Maize,2021,62600,40990,0.654792332,0.595091051,1704.427944,31.4746769,1247.709597,3.282795613,0.319470005,877.0266754
Machakos,Maize,2021,144201,59321,0.411377175,0.43933632,768.9114819,32.15866373,1311.954468,5.771691039,0.230882399,542.296543
Makueni,Maize,2021,150726,88013,0.583927126,0.439499889,643.8422172,33.86062118,1035.846757,5.044687168,0.206862625,518.39741
Meru,Maize,2021,75058,53331,0.710530523,0.551648362,1049.403916,31.11362806,1456.09147,6.277339238,0.238636508,754.9513437
Migori,Maize,2021,95034,99598,1.048024917,0.598224139,1331.042983,30.12425863,1368.088151,4.173508556,0.30888139,921.3279493
Nakuru,Maize,2021,87651,242825,2.770362004,0.589257914,1088.767011,27.868824,2156.082941,6.406183246,0.299623274,937.4479433
Nandi,Maize,2021,26825,64175,2.392357875,0.699783889,1826.859751,26.7000431,1914.757901,6.779389181,0.399475703,1099.582675
Narok,Maize,2021,121809,280273,2.300921935,0.55885163,1029.886772,29.00719771,1932.870016,6.140837833,0.28144345,958.3969586
Nyamira,Maize,2021,43134,61937,1.435920619,0.742131406,1978.428786,25.27312487,1903.348994,7.991517647,0.429557761,1191.909129
Siaya,Maize,2021,83933,53512,0.637556146,0.650372523,1683.295976,29.35088092,1258.027401,3.548367053,0.387932209,805.4259811
Trans Nzoia,Maize,2021,105190,400402,3.806464493,0.610554039,1309.060106,28.3223977,1937.342483,4.988976166,0.380234757,979.3894425
Uasin Gishu,Maize,2021,104645,385400,3.682927995,0.571374854,1279.348419,27.76498696,2159.49721,3.835618281,0.323204016,883.0992507
Baringo,Pigeon Peas,2021,6,4,0.666666667,0.489784764,839.4904163,33.60146166,1265.119877,7.257053538,0.150390658,566.1893822
Embu,Pigeon Peas,2021,1035,497,0.480193237,0.628034459,1090.203165,26.81767957,1430.549533,8.018998293,0.32589572,940.9486329
Kajiado,Pigeon Peas,2021,40,96,2.4,0.426374684,610.2356915,33.40167039,1237.296747,4.212169882,0.249992968,506.4184522
Kiambu,Pigeon Peas,2021,72,88,1.222222222,0.474325211,824.3597927,31.23139522,1412.458855,4.544388439,0.223710581,631.2659787
Kilifi,Pigeon Peas,2021,75,22,0.293333333,0.411925383,852.7973359,36.1025105,175.453546,3.670492901,0.189108312,665.2528389
Kirinyaga,Pigeon Peas,2021,36,17,0.472222222,0.666626254,1015.13706,27.7587667,1489.046789,7.423358832,0.337191882,1029.328234
Kitui,Pigeon Peas,2021,25355,17215,0.678958785,0.428268898,655.1769326,34.4788202,874.8933558,4.752909988,0.205087648,507.8207739
Kwale,Pigeon Peas,2021,6,1,0.166666667,0.443737909,893.6388344,36.57342327,184.262144,3.23815292,0.195630254,688.4635502
Laikipia,Pigeon Peas,2021,0,28,#DIV/0!,0.384180969,603.1207105,35.74076392,1572.305924,8.572386023,0.206313748,396.1240381
Lamu,Pigeon Peas,2021,0,0,#DIV/0!,,,,,,,
Machakos,Pigeon Peas,2021,18120,12659,0.698620309,0.451451085,784.3684055,31.87088773,1314.564979,6.214017925,0.218912974,561.1804704
Makueni,Pigeon Peas,2021,65279,62800,0.962024541,0.456340966,717.824676,32.7650893,1134.168054,6.436595836,0.209553574,550.9223301
Meru,Pigeon Peas,2021,5584,5152,0.922636103,0.545072448,1053.888072,32.42056024,1142.922057,6.175580796,0.204292592,725.7509826
Migori,Pigeon Peas,2021,161,71,0.440993789,0.617605951,1376.516421,30.04202742,1365.883858,4.453931943,0.314192232,964.3156083
Murang'a,Pigeon Peas,2021,198,158,0.797979798,0.589885864,977.3735807,28.33367116,1343.877342,10.22993138,0.246170508,880.8323032
Nairobi,Pigeon Peas,2021,5,6,1.2,0.403547492,695.0972183,32.32748959,1563.088741,4.251721048,0.286602404,478.018701
Nakuru,Pigeon Peas,2021,34,25,0.735294118,0.3255851,597.7690572,37.55322438,1641.739315,4.025575513,0.208274043,864.8703476
Taita Taveta,Pigeon Peas,2021,263,24,0.091254753,0.457273978,624.2236074,33.53928411,850.3698038,5.580549123,0.188239255,544.9686571
Tharaka Nithi,Pigeon Peas,2021,10377,5016,0.483376698,0.520049388,1039.941175,33.01241952,873.4429446,6.801491905,0.230959785,673.8469581
Baringo,Sorghum,2021,1448,562,0.388121547,0.510132916,902.4877773,32.35636378,1374.611437,9.14140306,0.149141644,647.0169669
Bomet,Sorghum,2021,2046,4245,2.074780059,0.712274628,1584.37665,26.56519019,1909.056571,5.43141081,0.39685408,1199.697482
Busia,Sorghum,2021,8865,5984,0.6750141,0.647319313,1803.499171,29.69427518,1218.154094,3.487058596,0.35261412,846.4006429
Elgeyo Marakwet,Sorghum,2021,740,915,1.236486486,0.668450269,1306.94878,24.97445153,2122.366045,11.38255996,0.283618002,1068.244139
Embu,Sorghum,2021,5138,1389,0.270338653,0.674988647,1171.119781,25.3948376,1591.400542,8.527889066,0.36682421,1062.205044
Homa Bay,Sorghum,2021,20466,22691,1.108716896,0.643065433,1486.468684,30.37242617,1327.611714,3.842316935,0.330763441,946.4978991
Kericho,Sorghum,2021,764,1375,1.79973822,0.705540801,1724.153209,26.26606426,2009.07669,8.30673914,0.330554853,1140.926011
Kisumu,Sorghum,2021,20800,19742,0.949134615,0.605757959,1679.209531,29.44228803,1269.874517,4.469029226,0.374233631,801.7216721
Kitui,Sorghum,2021,70509,20494,0.29065793,0.427306786,649.74987,34.56863364,850.7585356,4.651102163,0.201031921,505.4638621
Lamu,Sorghum,2021,30,34,1.133333333,0.488003931,385.5271484,34.39859444,17.17026877,2.134923767,0.180028258,822.4258485
Machakos,Sorghum,2021,8095,5053,0.624212477,0.440917687,768.0280345,32.16051434,1306.935462,5.836253755,0.223478887,544.1331258
Makueni,Sorghum,2021,8256,5175,0.62681686,0.439445594,656.9106487,33.77578943,1046.744078,5.404130417,0.205366749,520.0517814
Meru,Sorghum,2021,9368,7752,0.827497865,0.551166124,1051.531316,31.27395887,1366.438433,6.397362803,0.233130368,749.9105963
Migori,Sorghum,2021,4381,3538,0.807578178,0.60912567,1374.619634,30.34566824,1348.911627,4.116088542,0.311094417,935.1408349
Nakuru,Sorghum,2021,560,858,1.532142857,0.581424535,1072.700132,28.01713162,2143.76555,6.304579609,0.296263828,929.5535656
Narok,Sorghum,2021,1525,879,0.576393443,0.566955667,1052.809862,29.3987614,1819.424156,5.519052008,0.292361355,942.4377955
Siaya,Sorghum,2021,15999,15555,0.972248266,0.669581163,1747.171751,29.35100539,1266.026846,3.780869865,0.401565821,827.3782633
Taita Taveta,Sorghum,2021,1446,987,0.682572614,0.429199075,584.1800277,34.42676755,810.7478848,5.831968387,0.179663466,537.4696097
Tharaka Nithi,Sorghum,2021,19127,12337,0.645004444,0.503749818,1016.21683,33.58936227,832.5017863,6.665916851,0.223779496,641.266408
Turkana,Sorghum,2021,2580,3812,1.47751938,0.272333433,394.2352269,42.10217527,512.5946918,3.770115227,0.110783301,265.9656352
Bomet,Sweet Potatoes,2021,1223,24810,20.28618152,0.711760776,1588.974421,26.60517935,1901.077079,5.31820665,0.395994536,1200.552305
Bungoma,Sweet Potatoes,2021,5443,88994,16.35017454,0.639457843,1711.015645,28.96577332,1541.235014,3.901326804,0.353746166,970.1288723
Busia,Sweet Potatoes,2021,1980,39600,20,0.639104657,1772.044464,29.9038943,1207.112456,3.444697466,0.358098431,842.2564837
Homa Bay,Sweet Potatoes,2021,14009,185282,13.22592619,0.640610608,1484.265007,30.3817043,1326.481634,3.881770137,0.331628746,941.0603052
Kakamega,Sweet Potatoes,2021,3345,22031,6.586248132,0.672984409,2111.602997,28.12385941,1495.285854,4.377144183,0.353429913,1025.548643
Kiambu,Sweet Potatoes,2021,1119,9473,8.465594281,0.576050901,858.9879873,28.53994955,1656.128973,6.06768175,0.206781211,887.0265311
Kirinyaga,Sweet Potatoes,2021,1033,12806,12.39690223,0.590185164,911.7787338,29.46796256,1291.128128,4.738457997,0.313744919,846.279323
Kisii,Sweet Potatoes,2021,565,7295,12.91150442,0.69254556,1844.228207,26.95074325,1578.817004,6.536325909,0.367206892,1082.052127
Kisumu,Sweet Potatoes,2021,2682,22500,8.389261745,0.616277986,1690.310548,29.51392055,1281.527439,4.629581021,0.376384152,820.9775042
Kwale,Sweet Potatoes,2021,1092,4900,4.487179487,0.406531394,849.4385134,37.0485163,218.2482645,3.490184703,0.184083058,606.9122752
Machakos,Sweet Potatoes,2021,2216,8397,3.789259928,0.43611334,758.7345521,32.26799345,1306.55982,5.632795786,0.229589588,534.064896
Makueni,Sweet Potatoes,2021,589,4870,8.268251273,0.446343496,697.2632503,33.12419788,1140.152872,5.801212795,0.210286608,531.6589086
Meru,Sweet Potatoes,2021,865,7458,8.621965318,0.533968663,1024.19307,32.55874063,1188.48924,6.099259243,0.189156426,701.577655
Migori,Sweet Potatoes,2021,10616,109679,10.33148078,0.612711497,1383.884381,30.20747734,1356.559342,4.20775526,0.312133712,943.2859604
Murang'a,Sweet Potatoes,2021,502,6471,12.89043825,0.62722338,1046.740778,27.11834421,1471.699822,11.27503069,0.341793392,994.6295087
Narok,Sweet Potatoes,2021,1186,11982,10.10286678,0.552538553,1049.271267,30.50683148,1651.899272,4.378008195,0.271443347,879.5044693
Nyamira,Sweet Potatoes,2021,320,3530,11.03125,0.731122737,1976.750335,26.29788337,1751.542416,8.126043749,0.378961088,1157.844452
Siaya,Sweet Potatoes,2021,4935,60938,12.34812563,0.670941511,1753.008631,29.30038024,1269.007994,3.781793778,0.40584432,829.037178
Taita Taveta,Sweet Potatoes,2021,190,4413,23.22631579,0.419085959,584.4828904,34.71587188,792.1647075,5.403696503,0.178589536,521.2007425
Trans Nzoia,Sweet Potatoes,2021,480,6062,12.62916667,0.618699968,1396.225686,28.81994458,1843.100223,4.280623485,0.373198582,999.8146643
Baringo,Wheat,2021,190,475,2.5,0.636218966,1193.244333,25.91086523,2149.622052,10.04633211,0.310649728,976.1767584
Bungoma,Wheat,2021,186,465,2.5,0.629930204,1615.878769,27.92152055,1817.179866,5.668323378,0.383206144,980.7970879
Elgeyo Marakwet,Wheat,2021,177,560,3.163841808,0.630420897,1278.19447,25.55087791,2383.073835,6.667820071,0.309566042,970.6218749
Laikipia,Wheat,2021,4136,14784,3.574468085,0.49856428,779.5785737,30.77799481,2009.979364,4.694624852,0.308082413,597.211018
Marsabit,Wheat,2021,27,27,1,0.348056183,437.8060627,35.87847557,1017.624823,4.576910134,0.138636904,262.0539097
Meru,Wheat,2021,10990,20275,1.844858963,0.5765856,1116.962049,26.84400748,2107.264899,7.591177933,0.316866995,822.0648408
Nakuru,Wheat,2021,32271,117151,3.63022528,0.619988465,1216.184009,25.4428355,2483.53519,6.88202978,0.332417314,998.9617711
Narok,Wheat,2021,48595,139055,2.861508386,0.601643763,1111.677607,25.99154547,2409.676352,7.641810202,0.317033198,1011.524247
Nyamira,Wheat,2021,894,671,0.750559284,0.742705421,1964.815037,25.28787967,1898.711328,7.828218214,0.431072264,1195.726761
Nyandarua,Wheat,2021,2228,7172,3.219030521,0.600328636,1002.904806,25.05625682,2528.856295,6.318381223,0.334287865,896.1672377
Nyeri,Wheat,2021,1024,1711,1.670898438,0.651336976,1121.369469,22.85583933,2411.712308,9.479190543,0.348533455,1029.284797
Samburu,Wheat,2021,1200,2700,2.25,0.425737283,509.24746,32.4223514,1632.421849,8.76321619,0.196670604,432.6700042
Trans Nzoia,Wheat,2021,760,1720,2.263157895,0.612755467,1308.53498,28.07008974,1972.310159,5.430517119,0.387142805,979.2633637
Uasin Gishu,Wheat,2021,22202,42336,1.906855238,0.568477015,1262.050892,27.88993398,2144.819328,3.751003328,0.321875954,879.8146251
Baringo,Beans,2022,23804,21616,0.908082675,0.481889685,917.5030162,32.04385347,1396.422952,9.067460354,0.137235049,616.2586037
Bomet,Beans,2022,29891,30320,1.014352146,0.698313035,2039.112385,26.31933679,1905.329942,5.558003884,0.37736376,1121.850599
Bungoma,Beans,2022,87724,49948,0.569376681,0.621412097,1819.864038,28.53109482,1553.924765,4.234981364,0.356158696,910.0268546
Busia,Beans,2022,21528,16583,0.770299145,0.636935095,1939.128928,29.21392564,1229.264375,3.551980104,0.363496026,805.0944481
Homa Bay,Beans,2022,38739,25436,0.656599293,0.63303275,1911.726673,29.73750781,1337.668199,4.055499256,0.332529496,896.0330844
Kajiado,Beans,2022,49930,24286,0.486400961,0.335980581,473.4683825,34.59581501,1433.88776,4.802322515,0.229871989,397.0636909
Kakamega,Beans,2022,72882,31120,0.426991575,0.649768351,2274.731589,27.61185694,1506.001934,4.282490046,0.340071628,952.0282007
Kericho,Beans,2022,22151,21815,0.984831385,0.699875493,2174.866487,27.29471291,1812.953605,8.42308492,0.299321174,1082.228589
Kisii,Beans,2022,34104,21780,0.638634764,0.703829641,2451.558957,25.41881701,1794.404485,7.549536285,0.404605149,1078.975893
Machakos,Beans,2022,89222,15346,0.171997938,0.44432442,586.4457431,31.39446955,1313.118025,6.025219254,0.191610926,537.3010325
Makueni,Beans,2022,49800,9960,0.2,0.426289392,475.3539374,32.96545654,1074.619032,5.44433328,0.185715562,500.8803539
Meru,Beans,2022,76210,46847,0.614709356,0.502568913,797.3486193,32.34235603,1305.769757,5.517892722,0.185183552,664.4018446
Migori,Beans,2022,33548,32630,0.972636223,0.61459606,1837.94832,29.81443131,1377.596784,4.41738536,0.314075522,897.56204
Murang'a,Beans,2022,96203,19967,0.2075507,0.642852967,1022.920917,24.54682655,1815.846645,11.66395739,0.322439989,1012.098637
Nakuru,Beans,2022,76260,94741,1.242341988,0.536715733,1080.952244,28.89062373,2130.842906,6.231667917,0.264412915,839.3887334
Nandi,Beans,2022,32840,27519,0.837971985,0.694169397,2031.73153,26.18473063,1905.125646,7.115943796,0.420919772,1048.414736
Narok,Beans,2022,52813,39352,0.745119573,0.561369451,1304.778784,27.9686289,2008.71699,6.890073272,0.27929307,921.4059201
Nyamira,Beans,2022,31182,30168,0.967481239,0.725218545,2454.807893,25.16234196,1877.297522,8.05204414,0.41736908,1130.161851
Siaya,Beans,2022,35005,16747,0.478417369,0.645636728,1945.180417,28.85884043,1262.020072,3.676658336,0.399151358,787.374847
Trans Nzoia,Beans,2022,57650,51734,0.897380746,0.601386884,1427.507472,28.20197233,1954.223384,5.473983856,0.377288221,915.5977941
Baringo,Cowpeas,2022,946,993,1.049682875,0.46811503,875.8362271,32.57928415,1322.382898,8.685413318,0.127774767,582.5787053
Busia,Cowpeas,2022,649,541,0.833590139,0.635701443,1920.412738,29.29707753,1215.086726,3.502162173,0.363176456,804.5908984
Embu,Cowpeas,2022,9455,3722,0.393654151,0.623816267,893.2147689,25.64374356,1502.33557,8.409020782,0.335302768,975.6592246
Homa Bay,Cowpeas,2022,661,664,1.004538578,0.643341752,1902.5003,29.86356988,1334.117324,3.897807188,0.327982925,910.760785
Kakamega,Cowpeas,2022,1340,481,0.358955224,0.651130294,2319.249438,27.606955,1492.960212,4.231107561,0.334450035,952.9993922
Kilifi,Cowpeas,2022,8040,1714,0.21318408,0.425442053,938.1959376,33.94268352,171.0379296,3.745455583,0.199542789,658.8266017
Kisumu,Cowpeas,2022,3828,2235,0.583855799,0.53664191,1954.960489,28.88387268,1214.482579,3.623956311,0.358681621,699.6336143
Kitui,Cowpeas,2022,79018,53972,0.683034245,0.428064968,490.7733032,33.39454703,872.9373078,4.788637082,0.19125781,517.1579836
Kwale,Cowpeas,2022,4560,2450,0.537280702,0.368241043,836.0525021,35.2832879,220.4735437,3.411256644,0.174996583,511.7617102
Lamu,Cowpeas,2022,9370,5720,0.610458911,0.563886874,474.0800388,30.93501922,16.28466401,2.140860698,0.181477673,925.9964464
Machakos,Cowpeas,2022,19142,6229,0.325410093,0.445361728,585.5386929,31.36305944,1317.372316,6.150297288,0.189819725,538.7845901
Makueni,Cowpeas,2022,41959,25175,0.599990467,0.434603631,488.3122421,32.53281642,1108.702151,6.027175625,0.186040141,513.9644645
Mandera,Cowpeas,2022,1263,499,0.395091053,0.248368572,260.956739,38.54737518,502.0116105,3.695320446,0.125204071,207.2664571
Meru,Cowpeas,2022,5307,3154,0.594309403,0.526450116,816.0810617,31.92353035,1143.095259,6.098267161,0.17598306,690.9694309
Migori,Cowpeas,2022,219,191,0.872146119,0.606589102,1787.782976,30.18365637,1341.39191,4.142688741,0.310992059,881.0907479
Murang'a,Cowpeas,2022,662,291,0.439577039,0.561943125,841.7124412,28.29453348,1380.845178,10.67861964,0.207802807,828.396599
Siaya,Cowpeas,2022,240,115,0.479166667,0.645941664,1928.733039,29.10288943,1247.002109,3.684570518,0.389020131,797.162713
Taita Taveta,Cowpeas,2022,1851,940,0.507833603,0.370017844,495.8307721,34.89767333,749.5203831,4.848806515,0.156307241,438.8307458
Tana River,Cowpeas,2022,2058,2516,1.222546161,0.478582331,364.1159233,32.44987591,69.6510109,2.244847419,0.174997943,708.4768605
Tharaka Nithi,Cowpeas,2022,7805,2445,0.31326073,0.511840222,806.8196996,32.40597805,865.9499646,6.795469586,0.204235774,668.0470406
Baringo,Irish Potatoes,2022,3504,29998,8.561073059,0.570163657,1089.039969,28.12442848,1833.934468,12.23410077,0.167353055,783.7014689
Bomet,Irish Potatoes,2022,6680,78135,11.69685629,0.692530123,2010.410645,26.36956433,1916.710027,5.532031942,0.377517015,1108.784836
Bungoma,Irish Potatoes,2022,9436,100694,10.67125901,0.620328751,1730.60556,28.07656475,1726.035415,5.3591026,0.381377908,935.8695917
Elgeyo Marakwet,Irish Potatoes,2022,28670,276700,9.651203348,0.660601062,1414.845677,21.86414972,2605.332058,13.0310199,0.330060127,1004.029649
Embu,Irish Potatoes,2022,281,2592,9.224199288,0.643241623,939.1467267,24.61832388,1617.385225,8.406422466,0.35293524,1047.843231
Kajiado,Irish Potatoes,2022,1459,14119,9.677176148,0.36045069,503.894453,33.44718905,1588.006089,5.027760625,0.245173356,431.2650985
Kericho,Irish Potatoes,2022,546,6006,11,0.708334152,2022.045041,25.30226198,2123.912092,9.160426567,0.341067049,1120.932647
Kiambu,Irish Potatoes,2022,19156,97539,5.091825016,0.632641273,882.6621293,23.55107585,2264.417981,8.420886668,0.281438142,973.5989319
Kirinyaga,Irish Potatoes,2022,219,460,2.100456621,0.597820815,1004.910959,24.84484159,1723.45556,7.276400306,0.333480172,1011.821979
Laikipia,Irish Potatoes,2022,19258,53762,2.791670994,0.449424908,707.5969047,31.74682014,1997.609569,4.542339145,0.270083068,534.225808
Meru,Irish Potatoes,2022,20520,185731,9.051218324,0.565204338,888.0007548,27.95276405,1899.526363,7.338369513,0.275148052,823.6052242
Murang'a,Irish Potatoes,2022,14949,66314,4.436015787,0.668485638,1096.476418,23.39423834,1926.863579,13.13257993,0.347997417,1081.781855
Nakuru,Irish Potatoes,2022,46731,523324,11.19864758,0.550371867,1126.51909,27.59669216,2253.299242,6.545608186,0.276018125,866.996261
Nandi,Irish Potatoes,2022,629,7548,12,0.684023457,1909.080167,26.0035487,2020.612579,6.024655165,0.418583085,1042.822459
Narok,Irish Potatoes,2022,12742,87981,6.904803014,0.571482624,1272.145515,26.47158546,2319.724106,7.627611073,0.282315234,932.7738318
Nyandarua,Irish Potatoes,2022,19590,101099,5.160745278,0.615636557,968.8515645,23.77242634,2607.011105,7.376820841,0.331480423,906.2949973
Nyeri,Irish Potatoes,2022,14711,97669,6.639181565,0.64161964,892.3264659,24.73544121,2132.961349,9.536034659,0.29344826,987.7427262
Trans Nzoia,Irish Potatoes,2022,2765,33180,12,0.631666507,1473.284703,26.81557863,2041.862633,8.475301056,0.366287699,951.5053997
Uasin Gishu,Irish Potatoes,2022,6856,50853,7.417298716,0.556356972,1383.69111,27.91795885,2096.322633,4.69192293,0.327938827,832.1326541
West Pokot,Irish Potatoes,2022,1858,16135,8.684068891,0.633120519,1339.068585,22.87442742,2534.804919,13.66764043,0.327600519,887.7370463
Baringo,Maize,2022,37894,50902,1.343273341,0.488116539,939.7705249,31.76732632,1423.909682,9.473460346,0.144820915,632.9074022
Bungoma,Maize,2022,92464,275867,2.983507095,0.621536186,1841.178526,28.48253541,1547.166494,3.827709076,0.360528371,912.7746033
Busia,Maize,2022,42476,64464,1.51765703,0.636206473,1904.954217,29.20852393,1219.538342,3.501869497,0.362478689,795.9692888
Elgeyo Marakwet,Maize,2022,31713,72447,2.284457478,0.632246211,1361.622178,25.28690421,2152.782942,10.33242083,0.261651258,982.1660791
Homa Bay,Maize,2022,72215,86799,1.201952503,0.552382236,1764.168535,29.73996878,1288.392071,5.062574801,0.317568304,740.6269766
Kakamega,Maize,2022,100641,154619,1.536342047,0.660199124,2354.02347,27.37676887,1506.160914,4.575026771,0.366828062,984.1772018
Kericho,Maize,2022,40530,86114,2.124697755,0.710091329,2212.050794,26.79543748,1864.54427,7.984561502,0.298599751,1095.885268
Kisii,Maize,2022,43735,79800,1.824625586,0.699547334,2446.953815,25.71526294,1730.287656,7.218777401,0.39377183,1065.43127
Kisumu,Maize,2022,54125,34569,0.638688222,0.592754238,1983.916261,30.78750941,1247.709597,3.282795613,0.328977631,841.8578587
Machakos,Maize,2022,134048,22634,0.168849964,0.429864577,587.4014379,31.81743931,1311.954468,5.771691039,0.202099134,515.5903706
Makueni,Maize,2022,132910,83153,0.625633888,0.425810741,464.0100801,33.13707532,1035.846757,5.044687168,0.185916216,500.3639845
Meru,Maize,2022,66338,63259,0.95358618,0.532174272,838.0996901,30.92009157,1456.09147,6.277339238,0.207118968,728.4298079
Migori,Maize,2022,85628,92591,1.081316859,0.594446405,1758.768993,29.87815844,1368.088151,4.173508556,0.309068127,862.6563039
Nakuru,Maize,2022,66315,214133,3.229028123,0.55494664,1161.164632,28.32092276,2156.082941,6.406183246,0.278355208,862.6758428
Nandi,Maize,2022,45674,89592,1.961553619,0.688708676,2001.777168,26.33209242,1914.757901,6.779389181,0.411982873,1044.357528
Narok,Maize,2022,127460,271468,2.129828966,0.543228761,1262.183002,28.79681056,1932.870016,6.140837833,0.259701596,874.8845735
Nyamira,Maize,2022,48280,77009,1.59504971,0.725005011,2461.28565,25.06401535,1903.348994,7.991517647,0.422607207,1129.016965
Siaya,Maize,2022,73521,76704,1.043293753,0.634897316,1892.193001,28.85120994,1258.027401,3.548367053,0.391033966,768.4606999
Trans Nzoia,Maize,2022,95140,340542,3.579377759,0.597549822,1421.747859,28.24303985,1937.342483,4.988976166,0.371388243,912.3508043
Uasin Gishu,Maize,2022,102820,360454,3.505679829,0.552439786,1407.474694,27.48339597,2159.49721,3.835618281,0.323599098,830.62466
Baringo,Pigeon Peas,2022,7,5,0.714285714,0.454482924,838.3544968,33.41574771,1265.119877,7.257053538,0.135591615,525.0731093
Embu,Pigeon Peas,2022,2280,1341,0.588157895,0.602483734,863.2892008,26.35454613,1430.549533,8.018998293,0.301408117,915.4893342
Kajiado,Pigeon Peas,2022,202,84,0.415841584,0.369244333,419.9738105,34.16874046,1237.296747,4.212169882,0.226306442,430.039668
Kiambu,Pigeon Peas,2022,138,126,0.913043478,0.446854981,600.248147,32.18217919,1412.458855,4.544388439,0.194235728,577.8153243
Kilifi,Pigeon Peas,2022,86,24,0.279069767,0.421912497,929.9188204,34.01768593,175.453546,3.670492901,0.196303427,645.888508
Kirinyaga,Pigeon Peas,2022,107,43,0.401869159,0.60137377,859.2547396,27.52395632,1489.046789,7.423358832,0.311787479,973.9644421
Kitui,Pigeon Peas,2022,41406,20392,0.492489011,0.426350215,491.4241683,33.40657476,874.8933558,4.752909988,0.190737971,513.1111074
Kwale,Pigeon Peas,2022,13,9,0.692307692,0.416605475,934.8387649,34.68811396,184.262144,3.23815292,0.189658679,624.5594594
Laikipia,Pigeon Peas,2022,0,32,#DIV/0!,0.348293486,518.3236979,35.89878686,1572.305924,8.572386023,0.186502937,377.4361919
Lamu,Pigeon Peas,2022,530,318,0.6,,,,,,,
Machakos,Pigeon Peas,2022,56914,27051,0.475296061,0.446218375,585.395489,31.31909205,1314.564979,6.214017925,0.190299544,540.4760714
Makueni,Pigeon Peas,2022,119976,77679,0.647454491,0.440305642,498.4399665,32.23570125,1134.168054,6.436595836,0.186458283,522.9500194
Meru,Pigeon Peas,2022,26364,25890,0.982020938,0.53350584,827.4774563,31.80819269,1142.922057,6.175580796,0.177696215,713.0167387
Migori,Pigeon Peas,2022,190,300,1.578947368,0.614777491,1822.433099,29.94729161,1365.883858,4.453931943,0.314216576,902.3100866
Murang'a,Pigeon Peas,2022,558,413,0.740143369,0.548520454,811.3570306,28.69846541,1343.877342,10.22993138,0.209888777,794.4321591
Nairobi,Pigeon Peas,2022,14,12,0.857142857,0.341891075,495.4713743,33.23970459,1563.088741,4.251721048,0.257291507,393.5560914
Nakuru,Pigeon Peas,2022,71,60,0.845070423,0.288008186,553.8385603,38.41143955,1641.739315,4.025575513,0.17813867,768.9735385
Taita Taveta,Pigeon Peas,2022,768,158,0.205729167,0.426073997,516.2052193,33.42328929,850.3698038,5.580549123,0.168314858,506.4467155
Tharaka Nithi,Pigeon Peas,2022,16480,5990,0.363470874,0.513898868,807.1789769,32.3030342,873.4429446,6.801491905,0.204094943,666.6515938
Baringo,Sorghum,2022,1590,557,0.350314465,0.477060394,896.724716,32.19930365,1374.611437,9.14140306,0.137817037,599.1587322
Bomet,Sorghum,2022,1777,2138,1.203151379,0.691605081,2013.810951,26.37802716,1909.056571,5.43141081,0.377472537,1106.04328
Busia,Sorghum,2022,5044,5079,1.006938937,0.635887586,1922.782269,29.22731471,1218.154094,3.487058596,0.360925203,800.9010112
Elgeyo Marakwet,Sorghum,2022,735,936,1.273469388,0.638262852,1351.838827,24.97306527,2122.366045,11.38255996,0.273184416,997.354025
Embu,Sorghum,2022,3741,1629,0.435445068,0.640241962,928.7171319,24.83189203,1591.400542,8.527889066,0.346000816,1038.175784
Homa Bay,Sorghum,2022,32585,20965,0.6433942,0.639851956,1892.430981,29.87891848,1327.611714,3.842316935,0.327536322,903.517137
Kericho,Sorghum,2022,954,1288,1.350104822,0.69753347,2011.877449,26.11250093,2009.07669,8.30673914,0.334488836,1089.326008
Kisumu,Sorghum,2022,16460,11851,0.719987849,0.594106362,1996.635825,28.82727527,1269.874517,4.469029226,0.375854091,771.9608262
Kitui,Sorghum,2022,66391,19479,0.293398202,0.42604979,489.3016223,33.47725374,850.7585356,4.651102163,0.187316358,512.1076248
Lamu,Sorghum,2022,950,960,1.010526316,0.563926484,480.7066492,30.84011949,17.17026877,2.134923767,0.186191,922.5400928
Machakos,Sorghum,2022,9238,6008,0.65035722,0.435469053,587.28487,31.71672334,1306.935462,5.836253755,0.195205074,521.2169779
Makueni,Sorghum,2022,7582,4725,0.623186494,0.424817326,470.7955038,33.09643708,1046.744078,5.404130417,0.185079321,500.2568686
Meru,Sorghum,2022,9603,7978,0.830782047,0.534727394,836.8014463,30.97307233,1366.438433,6.397362803,0.202742357,729.5024665
Migori,Sorghum,2022,4514,3374,0.74745237,0.605195145,1789.87715,30.15927964,1348.911627,4.116088542,0.310415769,876.5256526
Nakuru,Sorghum,2022,480,602,1.254166667,0.546690419,1138.958587,28.48827945,2143.76555,6.304579609,0.274475686,854.4467071
Narok,Sorghum,2022,1044,1160,1.111111111,0.549766906,1295.654296,29.42735696,1819.424156,5.519052008,0.272418907,857.9734334
Siaya,Sorghum,2022,14643,15183,1.036877689,0.653880284,1944.361598,28.85155891,1266.026846,3.780869865,0.405864841,789.1953162
Taita Taveta,Sorghum,2022,1368,849,0.620614035,0.378376458,497.0771144,34.50675525,810.7478848,5.831968387,0.158544159,455.4256508
Tharaka Nithi,Sorghum,2022,18827,11337,0.6021671,0.498004002,793.5050661,32.88054571,832.5017863,6.665916851,0.199161158,637.0563915
Turkana,Sorghum,2022,5108,922,0.180501175,0.262237305,414.371705,40.77213168,512.5946918,3.770115227,0.110258748,202.7383528
Bomet,Sweet Potatoes,2022,1287,23152,17.98912199,0.691152285,2020.081041,26.41803181,1901.077079,5.31820665,0.376521067,1106.258924
Bungoma,Sweet Potatoes,2022,1789,28808,16.10285075,0.621634887,1838.297046,28.51313369,1541.235014,3.901326804,0.357817924,911.3418313
Busia,Sweet Potatoes,2022,3073,46485,15.12691181,0.63001867,1897.561878,29.3472736,1207.112456,3.444697466,0.366000812,800.3734692
Homa Bay,Sweet Potatoes,2022,12807,169767,13.25579761,0.637590718,1890.004851,29.88454976,1326.481634,3.881770137,0.328608244,898.7829902
Kakamega,Sweet Potatoes,2022,2966,22138,7.463924477,0.655998501,2325.096735,27.51630494,1495.285854,4.377144183,0.360252083,971.5083516
Kiambu,Sweet Potatoes,2022,855,8348,9.76374269,0.523467234,609.4635784,28.782697,1656.128973,6.06768175,0.175678597,786.5761548
Kirinyaga,Sweet Potatoes,2022,371,2641,7.118598383,0.535076193,788.5303277,29.71627238,1291.128128,4.738457997,0.276225515,772.2749699
Kisii,Sweet Potatoes,2022,586,5795,9.889078498,0.687121406,2322.412749,26.78424266,1578.817004,6.536325909,0.362576604,1029.974166
Kisumu,Sweet Potatoes,2022,2654,22597,8.514318011,0.606876227,2005.083503,28.85532119,1281.527439,4.629581021,0.378118158,790.7911197
Kwale,Sweet Potatoes,2022,996,4918,4.937751004,0.378846717,852.6683147,35.17729217,218.2482645,3.490184703,0.183082036,537.973097
Machakos,Sweet Potatoes,2022,1312,663,0.505335366,0.427121913,580.0270717,31.92430658,1306.55982,5.632795786,0.200943142,509.1135918
Makueni,Sweet Potatoes,2022,404,3787,9.373762376,0.426264136,485.3922811,32.74641341,1140.152872,5.801212795,0.187124518,502.7656205
Meru,Sweet Potatoes,2022,997,14386,14.42928786,0.521125716,812.4881176,32.04220758,1188.48924,6.099259243,0.165761458,683.165047
Migori,Sweet Potatoes,2022,7685,126705,16.48731295,0.608874015,1806.964761,30.03699262,1356.559342,4.20775526,0.31161868,883.9598707
Murang'a,Sweet Potatoes,2022,506,3574,7.063241107,0.579065813,919.5985779,27.19948613,1471.699822,11.27503069,0.302418273,896.0478602
Narok,Sweet Potatoes,2022,994,17900,18.00804829,0.534601963,1350.861879,30.65635595,1651.899272,4.378008195,0.260086484,785.2043973
Nyamira,Sweet Potatoes,2022,289,2995,10.3633218,0.71616547,2447.98324,26.25336458,1751.542416,8.126043749,0.383084523,1107.328367
Siaya,Sweet Potatoes,2022,6345,59070,9.309692671,0.655367122,1947.589302,28.79446266,1269.007994,3.781793778,0.409942573,791.0408853
Taita Taveta,Sweet Potatoes,2022,164,3510,21.40243902,0.367994383,500.0399939,34.77205794,792.1647075,5.403696503,0.15739495,440.3843309
Trans Nzoia,Sweet Potatoes,2022,401,4997,12.46134663,0.601650973,1561.371966,28.90776941,1843.100223,4.280623485,0.366517949,927.3882963
Baringo,Wheat,2022,160,320,2,0.606821192,1288.005171,26.03139325,2149.622052,10.04633211,0.299771069,906.5385426
Bungoma,Wheat,2022,159,318,2,0.61277372,1748.820851,27.64693814,1817.179866,5.668323378,0.383298026,917.2755478
Elgeyo Marakwet,Wheat,2022,178,374,2.101123596,0.598403824,1355.960593,25.40325061,2383.073835,6.667820071,0.30168313,905.9542413
Laikipia,Wheat,2022,7192,18830,2.618186874,0.454833948,722.6404695,31.50812006,2009.979364,4.694624852,0.280537623,536.6683548
Marsabit,Wheat,2022,25,20,0.8,0.277676199,466.8915442,36.15524362,1017.624823,4.576910134,0.135263583,153.9554074
Meru,Wheat,2022,6785,21712,3.2,0.547533377,917.0053921,27.34759107,2107.264899,7.591177933,0.277988464,792.5469007
Nakuru,Wheat,2022,26992,112218,4.15745406,0.592290614,1357.132978,25.53611921,2483.53519,6.88202978,0.308730205,928.7485916
Narok,Wheat,2022,55770,167926,3.011045365,0.574283666,1264.32094,26.10049,2409.676352,7.641810202,0.286080173,927.3640583
Nyamira,Wheat,2022,798,431,0.540100251,0.72644381,2446.89652,25.07008957,1898.711328,7.828218214,0.423500297,1135.175937
Nyandarua,Wheat,2022,1915,6004,3.135248042,0.544270203,898.1923325,26.06686139,2528.856295,6.318381223,0.30478361,794.9157207
Nyeri,Wheat,2022,662,1543,2.33081571,0.622753203,968.0748679,23.09721293,2411.712308,9.479190543,0.311855693,950.7502794
Samburu,Wheat,2022,2800,2772,0.99,0.377952571,490.2352085,32.69754506,1632.421849,8.76321619,0.176619135,373.5180234
Trans Nzoia,Wheat,2022,126,285,2.261904762,0.597353871,1430.251783,28.02281335,1972.310159,5.430517119,0.378062557,912.1284412
Uasin Gishu,Wheat,2022,15992,35944,2.247623812,0.548903567,1394.460573,27.63787823,2144.819328,3.751003328,0.322005003,826.219783
Baringo,Beans,2023,23677,22501,0.950331545,0.510341091,939.1170938,31.33786264,1396.422952,9.067460354,0.115794137,635.5565124
Bomet,Beans,2023,12803,12377,0.966726548,0.712468999,1663.904811,26.78842066,1905.329942,5.558003884,0.357482144,1119.644137
Bungoma,Beans,2023,63445,45073,0.710426354,0.650591889,1754.224143,28.26811378,1553.924765,4.234981364,0.2957565,991.1410862
Busia,Beans,2023,23069,18090,0.784169231,0.65343463,2053.914054,29.12601172,1229.264375,3.551980104,0.318630146,847.106139
Homa Bay,Beans,2023,28052,20308,0.723941252,0.643937423,1909.554895,29.9495478,1337.668199,4.055499256,0.311936991,930.8325706
Kajiado,Beans,2023,47957,42525,0.886731864,0.367152807,643.9155273,33.85492475,1433.88776,4.802322515,0.243282886,427.952904
Kakamega,Beans,2023,49279,43540,0.883540656,0.677887141,2207.014982,27.68972574,1506.001934,4.282490046,0.282139102,1015.519931
Kericho,Beans,2023,23261,25336,1.089205107,0.716414094,1891.289876,27.09176635,1812.953605,8.42308492,0.246882206,1114.320152
Kisii,Beans,2023,48336,24392,0.504634227,0.719090034,2232.428029,25.7471067,1794.404485,7.549536285,0.378611156,1100.270304
Machakos,Beans,2023,89098,53826,0.604121305,0.445280679,890.4864763,31.3907668,1313.118025,6.025219254,0.217391463,498.6197859
Makueni,Beans,2023,52656,23552,0.447280462,0.45415329,839.9244318,32.45004469,1074.619032,5.44433328,0.203700271,507.3988188
Meru,Beans,2023,131624,54244,0.412113292,0.56340681,1623.447808,30.41678668,1305.769757,5.517892722,0.212678918,754.3267641
Migori,Beans,2023,36199,23267,0.642752562,0.631745383,1731.784767,29.50335255,1377.596784,4.41738536,0.321206935,936.2122106
Murang'a,Beans,2023,46051,18186,0.394909991,0.67469457,1459.294101,24.24969432,1815.846645,11.66395739,0.298593568,1039.414969
Nakuru,Beans,2023,50835,99926,1.965692928,0.552552795,1051.232515,28.34827467,2130.842906,6.231667917,0.228515682,850.6246004
Nandi,Beans,2023,30277,21830,0.721009347,0.716608963,1891.141196,26.03156268,1905.125646,7.115943796,0.348706289,1110.769098
Narok,Beans,2023,48245,44773,0.928033993,0.579245136,1164.165713,28.05198778,2008.71699,6.890073272,0.270434016,873.3079216
Nyamira,Beans,2023,30021,10684,0.355884214,0.742908815,2180.497654,25.50478876,1877.297522,8.05204414,0.37519877,1153.476162
Siaya,Beans,2023,36840,14100,0.382736156,0.660485242,2010.922256,29.10270758,1262.020072,3.676658336,0.341946,823.9397553
Trans Nzoia,Beans,2023,61462,47842,0.778399662,0.630780936,1325.322315,27.59089538,1954.223384,5.473983856,0.307011034,1003.300888
Baringo,Cowpeas,2023,919,860,0.935799782,0.497831018,907.9137397,31.90279608,1322.382898,8.685413318,0.108691509,601.3600662
Busia,Cowpeas,2023,558,411,0.73655914,0.651834232,2037.545778,29.20623388,1215.086726,3.502162173,0.319054205,845.9570251
Embu,Cowpeas,2023,9302,9142,0.982799398,0.675876662,1560.568587,25.44839909,1502.33557,8.409020782,0.282820504,991.920477
Homa Bay,Cowpeas,2023,1438,1378,0.958275382,0.653703096,1923.291546,30.07569224,1334.117324,3.897807188,0.313542691,946.3292853
Kakamega,Cowpeas,2023,1762,1291,0.732690125,0.679812218,2252.648569,27.69394929,1492.960212,4.231107561,0.277775737,1015.679453
Kilifi,Cowpeas,2023,10007,5725,0.57209953,0.482856745,1687.608889,31.3491355,171.0379296,3.745455583,0.204588166,827.1332187
Kisumu,Cowpeas,2023,6140,1257,0.204723127,0.550520972,1900.333587,29.32736356,1214.482579,3.623956311,0.308329425,715.3800579
Kitui,Cowpeas,2023,79095,50587,0.639572666,0.471196947,972.5984972,32.46073273,872.9373078,4.788637082,0.208556772,567.393529
Kwale,Cowpeas,2023,5687,3396,0.597151398,0.474025932,1550.920805,32.09494262,220.4735437,3.411256644,0.179402082,743.4612584
Lamu,Cowpeas,2023,9350,5708,0.610481283,0.60280989,870.6055845,29.47602363,16.28466401,2.140860698,0.160617298,992.4187438
Machakos,Cowpeas,2023,27263,15766,0.578292924,0.447503575,892.446811,31.33246438,1317.372316,6.150297288,0.215728639,501.5793526
Makueni,Cowpeas,2023,68023,52059,0.765314673,0.463529999,864.1500586,32.01498981,1108.702151,6.027175625,0.204594801,521.8192848
Mandera,Cowpeas,2023,1134,607,0.535273369,0.356356893,813.253795,34.72992146,502.0116105,3.695320446,0.174878523,388.207749
Meru,Cowpeas,2023,8993,3893,0.43289225,0.580717294,1682.951178,30.42449721,1143.095259,6.098267161,0.205805698,780.1094467
Migori,Cowpeas,2023,151,126,0.834437086,0.624805996,1717.103728,29.86634433,1341.39191,4.142688741,0.315634691,921.6498156
Murang'a,Cowpeas,2023,663,280,0.422322775,0.58972944,1233.093411,27.55806081,1380.845178,10.67861964,0.225881548,818.9868749
Siaya,Cowpeas,2023,164,231,1.408536585,0.663269699,1960.07319,29.27579134,1247.002109,3.684570518,0.333735813,838.4586455
Taita Taveta,Cowpeas,2023,2009,925,0.460428074,0.386526269,911.3672561,34.36179725,749.5203831,4.848806515,0.172366329,483.4532383
Tana River,Cowpeas,2023,2080,2809,1.350480769,0.517969771,799.9480781,31.18536652,69.6510109,2.244847419,0.169550636,781.3379237
Tharaka Nithi,Cowpeas,2023,12945,13972,1.079335651,0.543482029,1551.74883,31.86121072,865.9499646,6.795469586,0.218187773,699.1167658
Baringo,Irish Potatoes,2023,3565,37205,10.43618513,0.595483583,1094.974339,27.41366147,1833.934468,12.23410077,0.150033688,817.6133469
Bomet,Irish Potatoes,2023,3935,37383,9.500127065,0.707067345,1632.471903,26.84517657,1916.710027,5.532031942,0.357658218,1102.687002
Bungoma,Irish Potatoes,2023,2153,27217,12.64143056,0.658123568,1640.300514,27.54793176,1726.035415,5.3591026,0.31629837,1036.252211
Elgeyo Marakwet,Irish Potatoes,2023,25143,259252,10.31110051,0.692873219,1368.580541,21.58545693,2605.332058,13.0310199,0.245769235,1031.102709
Embu,Irish Potatoes,2023,295,2101,7.122033898,0.694427862,1629.157149,24.48083439,1617.385225,8.406422466,0.295659143,1061.110798
Kajiado,Irish Potatoes,2023,1699,10874,6.400235433,0.393632207,665.5660936,32.67076817,1588.006089,5.027760625,0.255549929,453.3342171
Kericho,Irish Potatoes,2023,704,8518,12.09943182,0.723892341,1710.07903,24.92346888,2123.912092,9.160426567,0.284576162,1146.517103
Kiambu,Irish Potatoes,2023,19206,102645,5.344423618,0.655991889,1156.660611,23.60403191,2264.417981,8.420886668,0.261885271,953.9749827
Kirinyaga,Irish Potatoes,2023,352,3001,8.525568182,0.643256883,1520.654795,24.45158745,1723.45556,7.276400306,0.296831617,1019.280333
Laikipia,Irish Potatoes,2023,6099,47857,7.84669618,0.489577422,856.7096565,30.4315951,1997.609569,4.542339145,0.258283618,548.0347149
Meru,Irish Potatoes,2023,24604,236407,9.608478296,0.615831785,1725.731518,26.43398006,1899.526363,7.338369513,0.276153636,879.5998559
Murang'a,Irish Potatoes,2023,7470,26037,3.485542169,0.698618798,1540.416411,23.23351886,1926.863579,13.13257993,0.315730545,1114.670427
Nakuru,Irish Potatoes,2023,49981,657091,13.14681579,0.563095747,1091.382986,27.11492805,2253.299242,6.545608186,0.239526984,877.373722
Nandi,Irish Potatoes,2023,644,6611,10.26552795,0.706529019,1760.591917,25.68690375,2020.612579,6.024655165,0.346285242,1108.38999
Narok,Irish Potatoes,2023,14975,140615,9.389983306,0.585773411,1160.330273,26.42960365,2319.724106,7.627611073,0.26234277,893.1927658
Nyandarua,Irish Potatoes,2023,43587,437748,10.04308624,0.642302954,1124.059056,22.92063933,2607.011105,7.376820841,0.283175408,920.1560155
Nyeri,Irish Potatoes,2023,16447,97975,5.957013437,0.677204739,1200.075143,24.17581251,2132.961349,9.536034659,0.275849109,1022.87883
Trans Nzoia,Irish Potatoes,2023,1635,13181,8.0617737,0.657730678,1380.504549,26.28533861,2041.862633,8.475301056,0.283258744,1036.737175
Uasin Gishu,Irish Potatoes,2023,7699,55590,7.220418236,0.586852475,1245.273513,27.19907421,2096.322633,4.69192293,0.250332804,888.1321905
West Pokot,Irish Potatoes,2023,8009,96109,12.00012486,0.669912375,1383.962641,22.37445966,2534.804919,13.66764043,0.249668394,929.1785536
Baringo,Maize,2023,42501,94877,2.232347474,0.516574473,954.9849605,31.06010683,1423.909682,9.473460346,0.123346808,654.1034162
Bungoma,Maize,2023,92847,222912,2.400853016,0.651173895,1774.456702,28.21643255,1547.166494,3.827709076,0.301780974,993.4391144
Busia,Maize,2023,44097,71237,1.615461369,0.651474657,2012.110531,29.13978086,1219.538342,3.501869497,0.318376457,836.7263893
Elgeyo Marakwet,Maize,2023,43133,150221,3.482739434,0.665821894,1327.390764,24.40471348,2152.782942,10.33242083,0.203895145,1045.512964
Homa Bay,Maize,2023,78795,115635,1.467542357,0.564837139,1705.975016,29.90150025,1288.392071,5.062574801,0.292380545,775.0450515
Kakamega,Maize,2023,87532,132572,1.514554677,0.687519848,2282.625244,27.45381761,1506.160914,4.575026771,0.306142656,1045.01726
Kericho,Maize,2023,40643,111130,2.734296189,0.723765364,1923.566934,26.59970428,1864.54427,7.984561502,0.245574222,1132.520308
Kisii,Maize,2023,66221,119244,1.800697664,0.713784615,2284.989429,25.99679572,1730.287656,7.218777401,0.368588797,1084.687002
Kisumu,Maize,2023,62195,105003,1.68828684,0.601386773,1794.652473,31.06073405,1247.709597,3.282795613,0.288422537,866.7658408
Machakos,Maize,2023,138830,175493,1.264085572,0.433495954,882.2188175,31.68571099,1311.954468,5.771691039,0.227463318,480.4265415
Makueni,Maize,2023,136912,81363,0.594272233,0.452193809,822.6642483,32.67936986,1035.846757,5.044687168,0.203127911,506.3486485
Meru,Maize,2023,142379,151039,1.060823577,0.589332932,1716.196751,29.19561097,1456.09147,6.277339238,0.23167289,809.6267879
Migori,Maize,2023,78567,101474,1.29156007,0.61392031,1649.136176,29.50900114,1368.088151,4.173508556,0.317763415,900.0581238
Nakuru,Maize,2023,71470,215412,3.014019868,0.571808787,1102.038622,27.72265894,2156.082941,6.406183246,0.238689241,876.942818
Nandi,Maize,2023,67429,159556,2.36628157,0.712166777,1854.430191,26.12512113,1914.757901,6.779389181,0.340601762,1109.680998
Narok,Maize,2023,132396,314403,2.374716759,0.564382242,1122.545002,28.79546127,1932.870016,6.140837833,0.260152428,834.9959212
Nyamira,Maize,2023,48175,63424,1.316533472,0.743924814,2172.207592,25.37605301,1903.348994,7.991517647,0.377480768,1156.476196
Siaya,Maize,2023,77550,115191,1.485377176,0.648568367,1943.085489,29.08094841,1258.027401,3.548367053,0.338337617,805.9134419
Trans Nzoia,Maize,2023,125065,448011,3.582225243,0.625724582,1315.433776,27.68884346,1937.342483,4.988976166,0.305196118,997.4808033
Uasin Gishu,Maize,2023,117923,476538,4.041094613,0.589151627,1258.606082,26.58688466,2159.49721,3.835618281,0.254444558,888.5925451
Baringo,Pigeon Peas,2023,14,15,1.071428571,0.488034347,874.3710713,32.61789222,1265.119877,7.257053538,0.115105845,544.7719354
Embu,Pigeon Peas,2023,1720,282,0.163953488,0.646798949,1504.782219,26.20143623,1430.549533,8.018998293,0.263887964,923.4564944
Kajiado,Pigeon Peas,2023,100,62,0.62,0.390632726,680.2575223,33.71371584,1237.296747,4.212169882,0.24651976,435.720002
Kiambu,Pigeon Peas,2023,158,87,0.550632911,0.427433071,883.6703604,31.80271853,1412.458855,4.544388439,0.217982606,527.0830322
Kilifi,Pigeon Peas,2023,165,35,0.212121212,0.47931378,1676.401413,31.42387445,175.453546,3.670492901,0.202182015,813.6966562
Kirinyaga,Pigeon Peas,2023,117,47,0.401709402,0.636735184,1347.531297,26.87324249,1489.046789,7.423358832,0.266000751,954.8103788
Kitui,Pigeon Peas,2023,42870,21680,0.505714952,0.468150934,967.9415593,32.51620897,874.8933558,4.752909988,0.208190414,560.9269254
Kwale,Pigeon Peas,2023,9,8,0.888888889,0.502690853,1631.963873,32.31273824,184.262144,3.23815292,0.200157639,828.6373138
Laikipia,Pigeon Peas,2023,172,70,0.406976744,0.40768093,813.9988061,33.68714668,1572.305924,8.572386023,0.189561194,423.8193588
Lamu,Pigeon Peas,2023,500,300,0.6,,,,,,,
Machakos,Pigeon Peas,2023,59450,24514,0.41234651,0.449210408,895.1313153,31.27306128,1314.564979,6.214017925,0.216093173,504.2592356
Makueni,Pigeon Peas,2023,133334,91932,0.689486553,0.470019148,881.1622497,31.71113104,1134.168054,6.436595836,0.205596064,531.408441
Meru,Pigeon Peas,2023,39702,30929,0.779028764,0.585729022,1708.86718,30.38546383,1142.922057,6.175580796,0.206725579,795.6448799
Migori,Pigeon Peas,2023,155,124,0.8,0.632534357,1719.605183,29.59792795,1365.883858,4.453931943,0.3216986,942.8076525
Murang'a,Pigeon Peas,2023,379,227,0.598944591,0.574779517,1191.070625,27.98559312,1343.877342,10.22993138,0.228852219,783.087621
Nairobi,Pigeon Peas,2023,10,10,1,0.379962923,698.9823956,32.11294962,1563.088741,4.251721048,0.275373077,396.0043178
Nakuru,Pigeon Peas,2023,68,63,0.926470588,0.298771933,674.2886664,38.59737159,1641.739315,4.025575513,0.176496325,679.1527018
Taita Taveta,Pigeon Peas,2023,992,670,0.675403226,0.429820614,908.5294165,33.21876481,850.3698038,5.580549123,0.182411222,504.9471209
Tharaka Nithi,Pigeon Peas,2023,20892,12596,0.602910205,0.545938466,1553.715751,31.7539512,873.4429446,6.801491905,0.218910931,697.9362311
Baringo,Sorghum,2023,1666,1822,1.093637455,0.506736472,920.4311181,31.5047297,1374.611437,9.14140306,0.118684037,619.0197711
Bomet,Sorghum,2023,734,1148,1.564032698,0.705111881,1639.584732,26.86791388,1909.056571,5.43141081,0.357290767,1099.509453
Busia,Sorghum,2023,5392,7710,1.429896142,0.652180341,2038.247382,29.13756047,1218.154094,3.487058596,0.31811099,842.0868141
Elgeyo Marakwet,Sorghum,2023,1072,1996,1.861940299,0.671472691,1314.594655,24.26120987,2122.366045,11.38255996,0.210414228,1055.041794
Embu,Sorghum,2023,3857,6491,1.682914182,0.690814607,1610.876585,24.70551507,1591.400542,8.527889066,0.291140354,1050.267487
Homa Bay,Sorghum,2023,24740,28042,1.133468068,0.649851554,1914.38626,30.09471729,1327.611714,3.842316935,0.314606302,937.7742104
Kericho,Sorghum,2023,985,1064,1.080203046,0.712483828,1727.452304,25.72462345,2009.07669,8.30673914,0.279227596,1122.054332
Kisumu,Sorghum,2023,21500,26946,1.253302326,0.607637234,1949.139802,29.29974171,1269.874517,4.469029226,0.320861674,792.7020693
Kitui,Sorghum,2023,68755,37325,0.542869609,0.468648975,966.5656262,32.55001072,850.7585356,4.651102163,0.204674865,561.8140921
Lamu,Sorghum,2023,2004,2839,1.416666667,0.603169012,874.1138548,29.42844267,17.17026877,2.134923767,0.163836712,988.0665978
Machakos,Sorghum,2023,5456,2010,0.36840176,0.437661646,884.4823117,31.67049064,1306.935462,5.836253755,0.221178168,485.1225729
Makueni,Sorghum,2023,7113,2532,0.355967946,0.452009752,839.216209,32.61378118,1046.744078,5.404130417,0.20200215,507.3888079
Meru,Sorghum,2023,10897,34340,3.151326053,0.589216776,1704.416443,29.40154553,1366.438433,6.397362803,0.226063001,809.9784539
Migori,Sorghum,2023,5034,3922,0.779102106,0.623543562,1717.281433,29.82975356,1348.911627,4.116088542,0.314600659,916.1157395
Nakuru,Sorghum,2023,559,856,1.531305903,0.563380452,1087.600758,27.9046276,2143.76555,6.304579609,0.235754148,868.2200962
Narok,Sorghum,2023,1486,2391,1.609017497,0.577901772,1162.469637,29.1321001,1819.424156,5.519052008,0.269801626,847.1665109
Siaya,Sorghum,2023,15046,14876,0.988701316,0.668654177,2006.320719,29.08892021,1266.026846,3.780869865,0.346927684,825.5431846
Taita Taveta,Sorghum,2023,1991,1193,0.599196384,0.395918575,923.3423239,33.95422226,810.7478848,5.831968387,0.174047494,503.7636636
Tharaka Nithi,Sorghum,2023,18843,11066,0.587273789,0.529827589,1535.085019,32.27387635,832.5017863,6.665916851,0.215186957,670.5581481
Turkana,Sorghum,2023,4843,3951,0.815816643,0.330897228,583.8523753,39.4286431,512.5946918,3.770115227,0.12788915,348.3253631
Bomet,Sweet Potatoes,2023,782,4152,5.309462916,0.704465658,1648.087107,26.91446197,1901.077079,5.31820665,0.356274785,1100.329077
Bungoma,Sweet Potatoes,2023,1613,21612,13.39863608,0.650818162,1772.455754,28.2673615,1541.235014,3.901326804,0.299145034,991.5663667
Busia,Sweet Potatoes,2023,3938,59325,15.06475368,0.645071913,2003.506855,29.29653591,1207.112456,3.444697466,0.318923289,839.8075358
Homa Bay,Sweet Potatoes,2023,13483,164545,12.20388638,0.647726245,1909.225113,30.09836838,1326.481634,3.881770137,0.314708868,932.6200606
Kakamega,Sweet Potatoes,2023,2996,20729,6.918891856,0.683665842,2263.7745,27.58447645,1495.285854,4.377144183,0.301660717,1033.564504
Kiambu,Sweet Potatoes,2023,880,9919,11.27159091,0.576494124,867.0891647,27.8144583,1656.128973,6.06768175,0.192041599,793.6595694
Kirinyaga,Sweet Potatoes,2023,409,5117,12.51100244,0.575979953,1204.595393,28.95747305,1291.128128,4.738457997,0.252250767,782.5796609
Kisii,Sweet Potatoes,2023,550,6046,10.99272727,0.704907811,2274.920881,26.87652803,1578.817004,6.536325909,0.340780905,1063.775515
Kisumu,Sweet Potatoes,2023,2951,28969,9.816672314,0.620168872,1956.794998,29.3414265,1281.527439,4.629581021,0.32226976,812.9464826
Kwale,Sweet Potatoes,2023,869,4358,5.014959724,0.48177757,1570.751301,32.06329074,218.2482645,3.490184703,0.186719972,768.6915423
Machakos,Sweet Potatoes,2023,813,3426,4.21402214,0.430863582,873.6633963,31.78919668,1306.55982,5.632795786,0.226824126,475.2863324
Makueni,Sweet Potatoes,2023,190,1380,7.263157895,0.457567793,856.1583545,32.09189506,1140.152872,5.801212795,0.206715637,512.4466917
Meru,Sweet Potatoes,2023,1308,18099,13.83715596,0.577918346,1684.872232,30.39816657,1188.48924,6.099259243,0.200222062,775.2075123
Migori,Sweet Potatoes,2023,10078,152024,15.08473904,0.626850221,1727.881928,29.71830778,1356.559342,4.20775526,0.316071657,923.1523162
Murang'a,Sweet Potatoes,2023,557,6063,10.88509874,0.623079293,1338.220668,26.68789683,1471.699822,11.27503069,0.279923134,904.8393359
Narok,Sweet Potatoes,2023,1214,14069,11.58896211,0.564852309,1181.790294,30.50536322,1651.899272,4.378008195,0.272579691,797.6058494
Nyamira,Sweet Potatoes,2023,298,3410,11.44295302,0.737410567,2201.702219,26.29717951,1751.542416,8.126043749,0.321088697,1142.446336
Siaya,Sweet Potatoes,2023,6918,82794,11.9679098,0.669873032,2011.766137,29.04153061,1269.007994,3.781793778,0.350711285,827.4965372
Taita Taveta,Sweet Potatoes,2023,376,6191,16.46542553,0.38711831,927.6619366,34.19626771,792.1647075,5.403696503,0.17343734,492.438421
Trans Nzoia,Sweet Potatoes,2023,422,5362,12.70616114,0.645595683,1425.671588,27.77806431,1843.100223,4.280623485,0.312002031,1045.513029
Baringo,Wheat,2023,240,1080,4.5,0.605709007,1208.619195,25.43813528,2149.622052,10.04633211,0.266218957,922.039054
Bungoma,Wheat,2023,113,260,2.300884956,0.649427778,1661.923217,27.14579551,1817.179866,5.668323378,0.313097802,1010.286699
Elgeyo Marakwet,Wheat,2023,179,500,2.793296089,0.636456447,1313.093405,24.47797441,2383.073835,6.667820071,0.230882331,951.9812845
Laikipia,Wheat,2023,5920,24110,4.072635135,0.491035881,845.7244519,30.23398779,2009.979364,4.694624852,0.266684371,547.7215348
Marsabit,Wheat,2023,26,47,1.807692308,0.405202752,1357.710625,32.91611808,1017.624823,4.576910134,0.176809995,391.237061
Meru,Wheat,2023,7225,24363,3.372041522,0.598795174,1735.750752,25.83929325,2107.264899,7.591177933,0.277945646,847.7430316
Nakuru,Wheat,2023,21304,72252,3.391475779,0.601852104,1229.833434,25.00816786,2483.53519,6.88202978,0.267781299,942.7395404
Narok,Wheat,2023,49090,130872,2.665960481,0.58769474,1157.059261,26.0212456,2409.676352,7.641810202,0.264374529,893.5497716
Nyamira,Wheat,2023,889,571,0.642294713,0.74475548,2155.849137,25.40252514,1898.711328,7.828218214,0.379636181,1160.603753
Nyandarua,Wheat,2023,2516,7160,2.845786963,0.57819704,1023.709054,25.13439588,2528.856295,6.318381223,0.260631818,791.558154
Nyeri,Wheat,2023,235,251,1.068085106,0.656682694,1276.021506,22.85803894,2411.712308,9.479190543,0.286613143,966.5784693
Samburu,Wheat,2023,4200,8820,2.1,0.430591913,740.0047696,30.98673463,1632.421849,8.76321619,0.196234959,436.6335261
Trans Nzoia,Wheat,2023,187,408,2.181818182,0.62717504,1321.30368,27.43558106,1972.310159,5.430517119,0.308054633,997.070817
Uasin Gishu,Wheat,2023,12316,38798,3.150211108,0.585337295,1247.21838,26.75371382,2144.819328,3.751003328,0.251451371,884.1309996
